level,unit_id,unit_name,zone,terminal,ym,vessel_calls,cargo_mt,teu,avg_turnaround_hr,avg_waiting_hr,calls_waited_gt24h,berthed_lt6h_pct,avg_output_mt_per_berthday,occupancy_pct
port,REFPT,Reference Port,,,2023-01,24,2012215,116265,50.5,13.8,4,20.8,54816,4.9
zone,BULKGEN,Dry Bulk & General,Dry Bulk & General,,2023-01,5,358286,0,91.8,12.8,1,40.0,21769,7.6
zone,CONTAINER,Container,Container,,2023-01,16,1395180,116265,36.1,13.5,2,18.8,92498,4.1
zone,LIQMAR,Liquid & Offshore,Liquid & Offshore,,2023-01,3,258749,0,58.0,16.7,1,0.0,50080,3.3
terminal,CT1,Container Terminal 1,Container,CT1,2023-01,3,320916,26743,35.3,12.3,0,33.3,111623,4.6
terminal,CT2,Container Terminal 2,Container,CT2,2023-01,4,280452,23371,32.0,11.0,0,25.0,80129,5.6
terminal,CT3,Container Terminal 3,Container,CT3,2023-01,2,224040,18670,37.5,11.5,0,0.0,103403,3.5
terminal,CT4,Container Terminal 4,Container,CT4,2023-01,5,372024,31002,39.6,16.8,2,20.0,78321,3.8
terminal,CT5,Container Terminal 5,Container,CT5,2023-01,2,197748,16479,35.5,14.0,0,0.0,110371,2.9
terminal,LQB,Liquid Terminal,Liquid & Offshore,LQB,2023-01,2,55289,0,51.0,10.5,0,0.0,16382,3.6
terminal,MPT,Multipurpose Terminal,Dry Bulk & General,MPT,2023-01,3,92118,0,86.3,15.0,1,33.3,10331,7.2
terminal,SPM,SPM Crude,Liquid & Offshore,SPM,2023-01,1,203460,0,72.0,29.0,1,0.0,113559,2.9
terminal,WBC,West Basin Coal Terminal,Dry Bulk & General,WBC,2023-01,2,266168,0,100.0,9.5,0,50.0,35293,12.2
berth,CT1-1,CT1-1 — CT1 Berth 1,Container,CT1,2023-01,2,281532,23461,27.0,7.5,0,50.0,173250,5.2
berth,CT1-2,CT1-2 — CT1 Berth 2,Container,CT1,2023-01,1,39384,3282,52.0,22.0,0,0.0,31507,4.0
berth,CT2-1,CT2-1 — CT2 Berth 1,Container,CT2,2023-01,1,52992,4416,47.0,21.0,0,0.0,48916,3.5
berth,CT2-2,CT2-2 — CT2 Berth 2,Container,CT2,2023-01,3,227460,18955,27.0,7.7,0,33.3,94121,7.8
berth,CT3-2,CT3-2 — CT3 Berth 2,Container,CT3,2023-01,2,224040,18670,37.5,11.5,0,0.0,103403,7.0
berth,CT4-1,CT4-1 — CT4 Berth 1,Container,CT4,2023-01,1,54756,4563,53.0,28.0,1,0.0,52566,3.4
berth,CT4-2,CT4-2 — CT4 Berth 2,Container,CT4,2023-01,1,70668,5889,37.0,16.0,0,0.0,80763,2.8
berth,CT4-3,CT4-3 — CT4 Berth 3,Container,CT4,2023-01,2,153840,12820,36.5,17.0,1,0.0,94671,5.2
berth,CT4-4,CT4-4 — CT4 Berth 4,Container,CT4,2023-01,1,92760,7730,35.0,6.0,0,100.0,76767,3.9
berth,CT5-1,CT5-1 — CT5 Berth 1,Container,CT5,2023-01,1,56988,4749,38.0,9.0,0,0.0,47162,3.9
berth,CT5-2,CT5-2 — CT5 Berth 2,Container,CT5,2023-01,1,140760,11730,33.0,19.0,0,0.0,241303,1.9
berth,LB-1,LB-1 — Liquid Berth 1,Liquid & Offshore,LQB,2023-01,1,25872,0,47.0,13.0,0,0.0,18263,4.6
berth,LB-3,LB-3 — Liquid Berth 3,Liquid & Offshore,LQB,2023-01,1,29417,0,55.0,8.0,0,0.0,15021,6.3
berth,MP-1,MP-1 — Multipurpose Berth 1,Dry Bulk & General,MPT,2023-01,3,92118,0,86.3,15.0,1,33.3,10331,28.8
berth,SPM-1,SPM-1 — Single Point Mooring 1 (crude),Liquid & Offshore,SPM,2023-01,1,203460,0,72.0,29.0,1,0.0,113559,5.8
berth,WB-2,WB-2 — West Basin Coal Berth 2,Dry Bulk & General,WBC,2023-01,2,266168,0,100.0,9.5,0,50.0,35293,24.3
port,REFPT,Reference Port,,,2023-02,23,1896463,122943,49.6,14.7,3,8.7,56611,5.0
zone,BULKGEN,Dry Bulk & General,Dry Bulk & General,,2023-02,4,108005,0,85.8,15.8,0,0.0,9258,6.0
zone,CONTAINER,Container,Container,,2023-02,15,1475316,122943,39.7,15.7,3,6.7,98628,4.5
zone,LIQMAR,Liquid & Offshore,Liquid & Offshore,,2023-02,4,313142,0,50.8,9.5,0,25.0,45548,4.9
terminal,CT1,Container Terminal 1,Container,CT1,2023-02,3,401556,33463,50.3,25.3,2,0.0,128498,5.6
terminal,CT2,Container Terminal 2,Container,CT2,2023-02,4,409968,34164,40.8,17.8,1,0.0,106948,6.8
terminal,CT3,Container Terminal 3,Container,CT3,2023-02,1,74904,6242,39.0,11.0,0,0.0,64203,2.1
terminal,CT4,Container Terminal 4,Container,CT4,2023-02,4,262656,21888,33.5,7.5,0,25.0,60613,3.9
terminal,CT5,Container Terminal 5,Container,CT5,2023-02,3,326232,27186,36.0,16.0,0,0.0,130493,4.5
terminal,LQB,Liquid Terminal,Liquid & Offshore,LQB,2023-02,3,119979,0,47.7,9.0,0,33.3,24823,5.8
terminal,MPT,Multipurpose Terminal,Dry Bulk & General,MPT,2023-02,3,103752,0,99.7,14.7,0,0.0,9765,9.5
terminal,RRT,Ro-Ro Terminal,Dry Bulk & General,RRT,2023-02,1,4253,0,44.0,19.0,0,0.0,4083,3.7
terminal,SPM,SPM Crude,Liquid & Offshore,SPM,2023-02,1,193163,0,60.0,11.0,0,0.0,94610,3.6
berth,CT1-2,CT1-2 — CT1 Berth 2,Container,CT1,2023-02,3,401556,33463,50.3,25.3,2,0.0,128498,11.2
berth,CT2-1,CT2-1 — CT2 Berth 1,Container,CT2,2023-02,3,356196,29683,43.0,19.0,1,0.0,118732,10.7
berth,CT2-2,CT2-2 — CT2 Berth 2,Container,CT2,2023-02,1,53772,4481,34.0,14.0,0,0.0,64526,3.0
berth,CT3-1,CT3-1 — CT3 Berth 1,Container,CT3,2023-02,1,74904,6242,39.0,11.0,0,0.0,64203,4.2
berth,CT4-1,CT4-1 — CT4 Berth 1,Container,CT4,2023-02,1,83880,6990,36.0,7.0,0,0.0,69418,4.3
berth,CT4-3,CT4-3 — CT4 Berth 3,Container,CT4,2023-02,1,48864,4072,35.0,7.0,0,0.0,41883,4.2
berth,CT4-4,CT4-4 — CT4 Berth 4,Container,CT4,2023-02,2,129912,10826,31.5,8.0,0,50.0,66338,7.0
berth,CT5-1,CT5-1 — CT5 Berth 1,Container,CT5,2023-02,3,326232,27186,36.0,16.0,0,0.0,130493,8.9
berth,LB-2,LB-2 — Liquid Berth 2,Liquid & Offshore,LQB,2023-02,1,43357,0,40.0,7.0,0,0.0,31532,4.9
berth,LB-3,LB-3 — Liquid Berth 3,Liquid & Offshore,LQB,2023-02,2,76622,0,51.5,10.0,0,50.0,22156,12.4
berth,MP-2,MP-2 — Multipurpose Berth 2,Dry Bulk & General,MPT,2023-02,1,32753,0,84.0,9.0,0,0.0,10481,11.2
berth,MP-3,MP-3 — Multipurpose Berth 3,Dry Bulk & General,MPT,2023-02,2,70999,0,107.5,17.5,0,0.0,9467,26.8
berth,RR-1,RR-1 — Ro-Ro Berth 1,Dry Bulk & General,RRT,2023-02,1,4253,0,44.0,19.0,0,0.0,4083,3.7
berth,SPM-1,SPM-1 — Single Point Mooring 1 (crude),Liquid & Offshore,SPM,2023-02,1,193163,0,60.0,11.0,0,0.0,94610,7.3
port,REFPT,Reference Port,,,2023-03,19,1720217,100791,49.7,16.1,6,15.8,64609,3.6
zone,BULKGEN,Dry Bulk & General,Dry Bulk & General,,2023-03,4,249914,0,88.2,21.0,2,0.0,22297,5.2
zone,CONTAINER,Container,Container,,2023-03,12,1209492,100791,34.9,14.1,3,25.0,116111,2.8
zone,LIQMAR,Liquid & Offshore,Liquid & Offshore,,2023-03,3,260811,0,57.3,17.3,1,0.0,52162,3.2
terminal,CT1,Container Terminal 1,Container,CT1,2023-03,1,126420,10535,31.0,3.0,0,100.0,108360,1.9
terminal,CT2,Container Terminal 2,Container,CT2,2023-03,2,127212,10601,33.0,18.0,1,0.0,101770,2.0
terminal,CT3,Container Terminal 3,Container,CT3,2023-03,1,142248,11854,50.0,25.0,1,0.0,136558,1.7
terminal,CT4,Container Terminal 4,Container,CT4,2023-03,8,813612,67801,34.0,13.1,1,25.0,116926,5.6
terminal,LQB,Liquid Terminal,Liquid & Offshore,LQB,2023-03,2,65827,0,63.0,19.0,1,0.0,17953,3.9
terminal,MPT,Multipurpose Terminal,Dry Bulk & General,MPT,2023-03,2,50261,0,92.0,27.5,2,0.0,9351,4.3
terminal,SPM,SPM Crude,Liquid & Offshore,SPM,2023-03,1,194984,0,46.0,14.0,0,0.0,146238,2.2
terminal,WBC,West Basin Coal Terminal,Dry Bulk & General,WBC,2023-03,2,199653,0,84.5,14.5,0,0.0,34226,9.4
berth,CT1-1,CT1-1 — CT1 Berth 1,Container,CT1,2023-03,1,126420,10535,31.0,3.0,0,100.0,108360,3.8
berth,CT2-1,CT2-1 — CT2 Berth 1,Container,CT2,2023-03,1,59796,4983,24.0,9.0,0,0.0,95674,2.0
berth,CT2-2,CT2-2 — CT2 Berth 2,Container,CT2,2023-03,1,67416,5618,42.0,27.0,1,0.0,107866,2.0
berth,CT3-1,CT3-1 — CT3 Berth 1,Container,CT3,2023-03,1,142248,11854,50.0,25.0,1,0.0,136558,3.4
berth,CT4-1,CT4-1 — CT4 Berth 1,Container,CT4,2023-03,2,181644,15137,31.0,14.0,0,0.0,128219,4.6
berth,CT4-2,CT4-2 — CT4 Berth 2,Container,CT4,2023-03,4,410820,34235,36.0,13.2,1,25.0,108348,12.2
berth,CT4-3,CT4-3 — CT4 Berth 3,Container,CT4,2023-03,1,41280,3440,22.0,6.0,0,100.0,61920,2.2
berth,CT4-4,CT4-4 — CT4 Berth 4,Container,CT4,2023-03,1,179868,14989,44.0,18.0,0,0.0,166032,3.5
berth,LB-1,LB-1 — Liquid Berth 1,Liquid & Offshore,LQB,2023-03,1,27043,0,74.0,27.0,1,0.0,13809,6.3
berth,LB-2,LB-2 — Liquid Berth 2,Liquid & Offshore,LQB,2023-03,1,38784,0,52.0,11.0,0,0.0,22703,5.5
berth,MP-3,MP-3 — Multipurpose Berth 3,Dry Bulk & General,MPT,2023-03,2,50261,0,92.0,27.5,2,0.0,9351,17.3
berth,SPM-1,SPM-1 — Single Point Mooring 1 (crude),Liquid & Offshore,SPM,2023-03,1,194984,0,46.0,14.0,0,0.0,146238,4.3
berth,WB-1,WB-1 — West Basin Coal Berth 1,Dry Bulk & General,WBC,2023-03,2,199653,0,84.5,14.5,0,0.0,34226,18.8
port,REFPT,Reference Port,,,2023-04,24,1864114,115505,52.4,16.0,5,16.7,51247,5.1
zone,BULKGEN,Dry Bulk & General,Dry Bulk & General,,2023-04,5,112913,0,71.0,11.2,1,20.0,9063,5.9
zone,CONTAINER,Container,Container,,2023-04,14,1386060,115505,40.6,17.3,4,21.4,102041,3.8
zone,LIQMAR,Liquid & Offshore,Liquid & Offshore,,2023-04,5,365141,0,67.0,17.4,0,0.0,35336,6.9
terminal,CT1,Container Terminal 1,Container,CT1,2023-04,2,207456,17288,45.0,20.0,1,0.0,99579,3.5
terminal,CT2,Container Terminal 2,Container,CT2,2023-04,2,181320,15110,40.0,14.5,0,50.0,85327,3.5
terminal,CT3,Container Terminal 3,Container,CT3,2023-04,4,514020,42835,42.0,18.8,2,25.0,132650,6.5
terminal,CT4,Container Terminal 4,Container,CT4,2023-04,3,252192,21016,42.7,19.3,1,0.0,86466,2.4
terminal,CT5,Container Terminal 5,Container,CT5,2023-04,3,231072,19256,34.0,13.3,0,33.3,89447,4.3
terminal,LQB,Liquid Terminal,Liquid & Offshore,LQB,2023-04,4,129848,0,68.0,19.2,0,0.0,15981,9.0
terminal,MPT,Multipurpose Terminal,Dry Bulk & General,MPT,2023-04,4,108015,0,80.0,11.5,1,25.0,9461,9.5
terminal,RRT,Ro-Ro Terminal,Dry Bulk & General,RRT,2023-04,1,4898,0,35.0,10.0,0,0.0,4702,3.5
terminal,SPM,SPM Crude,Liquid & Offshore,SPM,2023-04,1,235293,0,63.0,10.0,0,0.0,106548,3.7
berth,CT1-2,CT1-2 — CT1 Berth 2,Container,CT1,2023-04,2,207456,17288,45.0,20.0,1,0.0,99579,6.9
berth,CT2-2,CT2-2 — CT2 Berth 2,Container,CT2,2023-04,2,181320,15110,40.0,14.5,0,50.0,85327,7.1
berth,CT3-1,CT3-1 — CT3 Berth 1,Container,CT3,2023-04,1,87156,7263,58.0,30.0,1,0.0,74705,3.9
berth,CT3-2,CT3-2 — CT3 Berth 2,Container,CT3,2023-04,3,426864,35572,36.7,15.0,1,33.3,157611,9.0
berth,CT4-1,CT4-1 — CT4 Berth 1,Container,CT4,2023-04,1,101304,8442,56.0,26.0,1,0.0,81043,4.2
berth,CT4-2,CT4-2 — CT4 Berth 2,Container,CT4,2023-04,1,104028,8669,36.0,15.0,0,0.0,118889,2.9
berth,CT4-3,CT4-3 — CT4 Berth 3,Container,CT4,2023-04,1,46860,3905,36.0,17.0,0,0.0,59192,2.6
berth,CT5-1,CT5-1 — CT5 Berth 1,Container,CT5,2023-04,1,76584,6382,32.0,13.0,0,0.0,96738,2.6
berth,CT5-2,CT5-2 — CT5 Berth 2,Container,CT5,2023-04,2,154488,12874,35.0,13.5,0,50.0,86226,6.0
berth,LB-1,LB-1 — Liquid Berth 1,Liquid & Offshore,LQB,2023-04,2,66899,0,63.0,18.0,0,0.0,17840,12.5
berth,LB-2,LB-2 — Liquid Berth 2,Liquid & Offshore,LQB,2023-04,1,44877,0,78.0,24.0,0,0.0,19945,7.5
berth,LB-3,LB-3 — Liquid Berth 3,Liquid & Offshore,LQB,2023-04,1,18072,0,68.0,17.0,0,0.0,8504,7.1
berth,MP-1,MP-1 — Multipurpose Berth 1,Dry Bulk & General,MPT,2023-04,1,52368,0,80.0,7.0,0,0.0,17217,10.1
berth,MP-2,MP-2 — Multipurpose Berth 2,Dry Bulk & General,MPT,2023-04,3,55647,0,80.0,13.0,1,33.3,6644,27.9
berth,RR-1,RR-1 — Ro-Ro Berth 1,Dry Bulk & General,RRT,2023-04,1,4898,0,35.0,10.0,0,0.0,4702,3.5
berth,SPM-1,SPM-1 — Single Point Mooring 1 (crude),Liquid & Offshore,SPM,2023-04,1,235293,0,63.0,10.0,0,0.0,106548,7.4
port,REFPT,Reference Port,,,2023-05,22,2080246,109592,52.6,15.3,2,13.6,60811,4.6
zone,BULKGEN,Dry Bulk & General,Dry Bulk & General,,2023-05,7,289805,0,77.7,15.3,0,0.0,15916,8.4
zone,CONTAINER,Container,Container,,2023-05,13,1315104,109592,36.8,14.4,1,23.1,108091,3.3
zone,LIQMAR,Liquid & Offshore,Liquid & Offshore,,2023-05,2,475337,0,67.0,21.0,1,0.0,124001,2.5
terminal,CT1,Container Terminal 1,Container,CT1,2023-05,3,309552,25796,37.7,14.7,0,0.0,107670,4.6
terminal,CT2,Container Terminal 2,Container,CT2,2023-05,3,322416,26868,27.0,6.0,0,66.7,122825,4.2
terminal,CT3,Container Terminal 3,Container,CT3,2023-05,3,360636,30053,44.3,21.0,1,0.0,123647,4.7
terminal,CT4,Container Terminal 4,Container,CT4,2023-05,3,261252,21771,42.0,19.3,0,0.0,92207,2.3
terminal,CT5,Container Terminal 5,Container,CT5,2023-05,1,61248,5104,26.0,4.0,0,100.0,66816,1.5
terminal,MPT,Multipurpose Terminal,Dry Bulk & General,MPT,2023-05,3,129642,0,113.3,17.3,0,0.0,10804,9.7
terminal,RRT,Ro-Ro Terminal,Dry Bulk & General,RRT,2023-05,3,15379,0,33.7,10.7,0,0.0,5349,9.3
terminal,SPM,SPM Crude,Liquid & Offshore,SPM,2023-05,2,475337,0,67.0,21.0,1,0.0,124001,6.2
terminal,WBC,West Basin Coal Terminal,Dry Bulk & General,WBC,2023-05,1,144784,0,103.0,23.0,0,0.0,43435,5.4
berth,CT1-2,CT1-2 — CT1 Berth 2,Container,CT1,2023-05,3,309552,25796,37.7,14.7,0,0.0,107670,9.3
berth,CT2-1,CT2-1 — CT2 Berth 1,Container,CT2,2023-05,3,322416,26868,27.0,6.0,0,66.7,122825,8.5
berth,CT3-1,CT3-1 — CT3 Berth 1,Container,CT3,2023-05,3,360636,30053,44.3,21.0,1,0.0,123647,9.4
berth,CT4-3,CT4-3 — CT4 Berth 3,Container,CT4,2023-05,1,133836,11153,42.0,20.0,0,0.0,146003,3.0
berth,CT4-4,CT4-4 — CT4 Berth 4,Container,CT4,2023-05,2,127416,10618,42.0,19.0,0,0.0,66478,6.2
berth,CT5-1,CT5-1 — CT5 Berth 1,Container,CT5,2023-05,1,61248,5104,26.0,4.0,0,100.0,66816,3.0
berth,MP-1,MP-1 — Multipurpose Berth 1,Dry Bulk & General,MPT,2023-05,1,35663,0,111.0,19.0,0,0.0,9303,12.4
berth,MP-3,MP-3 — Multipurpose Berth 3,Dry Bulk & General,MPT,2023-05,2,93979,0,114.5,16.5,0,0.0,11508,26.3
berth,RR-1,RR-1 — Ro-Ro Berth 1,Dry Bulk & General,RRT,2023-05,3,15379,0,33.7,10.7,0,0.0,5349,9.3
berth,SPM-1,SPM-1 — Single Point Mooring 1 (crude),Liquid & Offshore,SPM,2023-05,2,475337,0,67.0,21.0,1,0.0,124001,12.4
berth,WB-1,WB-1 — West Basin Coal Berth 1,Dry Bulk & General,WBC,2023-05,1,144784,0,103.0,23.0,0,0.0,43435,10.8
port,REFPT,Reference Port,,,2023-06,17,1245083,60863,55.2,17.4,4,17.6,46401,3.7
zone,BULKGEN,Dry Bulk & General,Dry Bulk & General,,2023-06,3,201130,0,117.0,25.7,2,0.0,17617,5.4
zone,CONTAINER,Container,Container,,2023-06,10,730356,60863,39.5,17.5,2,20.0,79675,2.5
zone,LIQMAR,Liquid & Offshore,Liquid & Offshore,,2023-06,4,313597,0,48.2,10.8,0,25.0,50176,4.2
terminal,CT1,Container Terminal 1,Container,CT1,2023-06,1,69576,5798,28.0,10.0,0,0.0,92768,1.2
terminal,CT2,Container Terminal 2,Container,CT2,2023-06,2,115344,9612,50.0,29.0,2,0.0,65911,2.9
terminal,CT3,Container Terminal 3,Container,CT3,2023-06,5,409704,34142,37.0,14.6,0,40.0,87794,7.8
terminal,CT5,Container Terminal 5,Container,CT5,2023-06,2,135732,11311,41.0,17.0,0,0.0,67866,3.3
terminal,LQB,Liquid Terminal,Liquid & Offshore,LQB,2023-06,3,83803,0,49.0,13.0,0,0.0,18623,5.0
terminal,MPT,Multipurpose Terminal,Dry Bulk & General,MPT,2023-06,2,79293,0,113.5,29.0,2,0.0,11261,5.9
terminal,SPM,SPM Crude,Liquid & Offshore,SPM,2023-06,1,229794,0,46.0,4.0,0,100.0,131311,2.9
terminal,WBC,West Basin Coal Terminal,Dry Bulk & General,WBC,2023-06,1,121837,0,124.0,19.0,0,0.0,27848,7.3
berth,CT1-1,CT1-1 — CT1 Berth 1,Container,CT1,2023-06,1,69576,5798,28.0,10.0,0,0.0,92768,2.5
berth,CT2-1,CT2-1 — CT2 Berth 1,Container,CT2,2023-06,2,115344,9612,50.0,29.0,2,0.0,65911,5.8
berth,CT3-1,CT3-1 — CT3 Berth 1,Container,CT3,2023-06,3,183108,15259,36.3,16.0,0,33.3,72042,8.5
berth,CT3-2,CT3-2 — CT3 Berth 2,Container,CT3,2023-06,2,226596,18883,38.0,12.5,0,50.0,106633,7.1
berth,CT5-1,CT5-1 — CT5 Berth 1,Container,CT5,2023-06,1,51708,4309,49.0,23.0,0,0.0,47730,3.6
berth,CT5-2,CT5-2 — CT5 Berth 2,Container,CT5,2023-06,1,84024,7002,33.0,11.0,0,0.0,91663,3.1
berth,LB-2,LB-2 — Liquid Berth 2,Liquid & Offshore,LQB,2023-06,1,25745,0,54.0,10.0,0,0.0,14043,6.1
berth,LB-3,LB-3 — Liquid Berth 3,Liquid & Offshore,LQB,2023-06,2,58058,0,46.5,14.5,0,0.0,21772,8.9
berth,MP-1,MP-1 — Multipurpose Berth 1,Dry Bulk & General,MPT,2023-06,1,47060,0,104.0,30.0,1,0.0,15263,10.3
berth,MP-2,MP-2 — Multipurpose Berth 2,Dry Bulk & General,MPT,2023-06,1,32233,0,123.0,28.0,1,0.0,8143,13.2
berth,SPM-1,SPM-1 — Single Point Mooring 1 (crude),Liquid & Offshore,SPM,2023-06,1,229794,0,46.0,4.0,0,100.0,131311,5.8
berth,WB-1,WB-1 — West Basin Coal Berth 1,Dry Bulk & General,WBC,2023-06,1,121837,0,124.0,19.0,0,0.0,27848,14.6
port,REFPT,Reference Port,,,2023-07,24,1689582,87721,57.1,18.1,8,16.7,43323,5.2
zone,BULKGEN,Dry Bulk & General,Dry Bulk & General,,2023-07,5,122553,0,102.8,17.2,1,0.0,6872,8.2
zone,CONTAINER,Container,Container,,2023-07,14,1052652,87721,39.6,18.0,5,21.4,83654,3.4
zone,LIQMAR,Liquid & Offshore,Liquid & Offshore,,2023-07,5,514377,0,60.6,19.4,2,20.0,59927,5.5
terminal,CT1,Container Terminal 1,Container,CT1,2023-07,2,219612,18301,36.5,16.0,1,50.0,128553,2.8
terminal,CT2,Container Terminal 2,Container,CT2,2023-07,4,280572,23381,40.5,14.0,1,50.0,63526,7.1
terminal,CT3,Container Terminal 3,Container,CT3,2023-07,2,139824,11652,31.5,15.0,0,0.0,101690,2.2
terminal,CT4,Container Terminal 4,Container,CT4,2023-07,6,412644,34387,42.7,22.3,3,0.0,81176,4.1
terminal,LQB,Liquid Terminal,Liquid & Offshore,LQB,2023-07,3,99223,0,61.7,23.0,1,0.0,20529,5.2
terminal,MPT,Multipurpose Terminal,Dry Bulk & General,MPT,2023-07,5,122553,0,102.8,17.2,1,0.0,6872,14.4
terminal,SPM,SPM Crude,Liquid & Offshore,SPM,2023-07,2,415154,0,59.0,14.0,1,50.0,110708,6.0
berth,CT1-2,CT1-2 — CT1 Berth 2,Container,CT1,2023-07,2,219612,18301,36.5,16.0,1,50.0,128553,5.5
berth,CT2-1,CT2-1 — CT2 Berth 1,Container,CT2,2023-07,1,46092,3841,33.0,6.0,0,100.0,40971,3.6
berth,CT2-2,CT2-2 — CT2 Berth 2,Container,CT2,2023-07,3,234480,19540,43.0,16.7,1,33.3,71234,10.6
berth,CT3-1,CT3-1 — CT3 Berth 1,Container,CT3,2023-07,1,108828,9069,26.0,12.0,0,0.0,186562,1.9
berth,CT3-2,CT3-2 — CT3 Berth 2,Container,CT3,2023-07,1,30996,2583,37.0,18.0,0,0.0,39153,2.6
berth,CT4-3,CT4-3 — CT4 Berth 3,Container,CT4,2023-07,2,129744,10812,47.0,25.0,1,0.0,70769,5.9
berth,CT4-4,CT4-4 — CT4 Berth 4,Container,CT4,2023-07,4,282900,23575,40.5,21.0,2,0.0,87046,10.5
berth,LB-1,LB-1 — Liquid Berth 1,Liquid & Offshore,LQB,2023-07,1,30243,0,53.0,24.0,0,0.0,25029,3.9
berth,LB-2,LB-2 — Liquid Berth 2,Liquid & Offshore,LQB,2023-07,1,29136,0,63.0,25.0,1,0.0,18402,5.1
berth,LB-3,LB-3 — Liquid Berth 3,Liquid & Offshore,LQB,2023-07,1,39844,0,69.0,20.0,0,0.0,19515,6.6
berth,MP-1,MP-1 — Multipurpose Berth 1,Dry Bulk & General,MPT,2023-07,3,92972,0,105.7,16.7,1,0.0,8357,35.9
berth,MP-2,MP-2 — Multipurpose Berth 2,Dry Bulk & General,MPT,2023-07,2,29581,0,98.5,18.0,0,0.0,4410,21.6
berth,SPM-1,SPM-1 — Single Point Mooring 1 (crude),Liquid & Offshore,SPM,2023-07,2,415154,0,59.0,14.0,1,50.0,110708,12.1
port,REFPT,Reference Port,,,2023-08,24,2204515,110223,51.3,17.4,7,4.2,64998,4.6
zone,BULKGEN,Dry Bulk & General,Dry Bulk & General,,2023-08,4,290965,0,77.2,13.8,0,0.0,27493,4.9
zone,CONTAINER,Container,Container,,2023-08,15,1322676,110223,39.2,15.9,3,6.7,90698,3.9
zone,LIQMAR,Liquid & Offshore,Liquid & Offshore,,2023-08,5,590874,0,67.0,25.0,4,0.0,67528,5.6
terminal,CT1,Container Terminal 1,Container,CT1,2023-08,2,194748,16229,41.5,18.0,1,0.0,99446,3.2
terminal,CT2,Container Terminal 2,Container,CT2,2023-08,2,146976,12248,47.0,23.5,1,0.0,75052,3.2
terminal,CT3,Container Terminal 3,Container,CT3,2023-08,2,192720,16060,29.5,6.5,0,50.0,100550,3.1
terminal,CT4,Container Terminal 4,Container,CT4,2023-08,7,687360,57280,41.7,18.3,1,0.0,100589,5.5
terminal,CT5,Container Terminal 5,Container,CT5,2023-08,2,100872,8406,30.0,7.0,0,0.0,52629,3.1
terminal,LQB,Liquid Terminal,Liquid & Offshore,LQB,2023-08,3,113147,0,67.7,29.7,3,0.0,23820,5.1
terminal,MPT,Multipurpose Terminal,Dry Bulk & General,MPT,2023-08,1,13005,0,104.0,7.0,0,0.0,3218,3.3
terminal,RRT,Ro-Ro Terminal,Dry Bulk & General,RRT,2023-08,1,4973,0,43.0,23.0,0,0.0,5968,2.7
terminal,SPM,SPM Crude,Liquid & Offshore,SPM,2023-08,2,477727,0,66.0,18.0,1,0.0,119432,6.5
terminal,WBC,West Basin Coal Terminal,Dry Bulk & General,WBC,2023-08,2,272987,0,81.0,12.5,0,0.0,47823,9.2
berth,CT1-1,CT1-1 — CT1 Berth 1,Container,CT1,2023-08,1,92532,7711,27.0,10.0,0,0.0,130633,2.3
berth,CT1-2,CT1-2 — CT1 Berth 2,Container,CT1,2023-08,1,102216,8518,56.0,26.0,1,0.0,81773,4.0
berth,CT2-1,CT2-1 — CT2 Berth 1,Container,CT2,2023-08,1,72936,6078,50.0,22.0,0,0.0,62517,3.8
berth,CT2-2,CT2-2 — CT2 Berth 2,Container,CT2,2023-08,1,74040,6170,44.0,25.0,1,0.0,93524,2.6
berth,CT3-1,CT3-1 — CT3 Berth 1,Container,CT3,2023-08,1,119400,9950,30.0,7.0,0,0.0,124591,3.1
berth,CT3-2,CT3-2 — CT3 Berth 2,Container,CT3,2023-08,1,73320,6110,29.0,6.0,0,100.0,76508,3.1
berth,CT4-1,CT4-1 — CT4 Berth 1,Container,CT4,2023-08,1,85392,7116,37.0,19.0,0,0.0,113856,2.4
berth,CT4-2,CT4-2 — CT4 Berth 2,Container,CT4,2023-08,1,159276,13273,52.0,29.0,1,0.0,166201,3.1
berth,CT4-3,CT4-3 — CT4 Berth 3,Container,CT4,2023-08,2,213840,17820,43.0,19.0,0,0.0,106920,6.5
berth,CT4-4,CT4-4 — CT4 Berth 4,Container,CT4,2023-08,3,228852,19071,39.0,14.0,0,0.0,73233,10.1
berth,CT5-1,CT5-1 — CT5 Berth 1,Container,CT5,2023-08,1,41520,3460,35.0,7.0,0,0.0,35589,3.8
berth,CT5-2,CT5-2 — CT5 Berth 2,Container,CT5,2023-08,1,59352,4946,25.0,7.0,0,0.0,79136,2.4
berth,LB-1,LB-1 — Liquid Berth 1,Liquid & Offshore,LQB,2023-08,1,34816,0,77.0,30.0,1,0.0,17778,6.3
berth,LB-2,LB-2 — Liquid Berth 2,Liquid & Offshore,LQB,2023-08,1,28109,0,62.0,30.0,1,0.0,21082,4.3
berth,LB-3,LB-3 — Liquid Berth 3,Liquid & Offshore,LQB,2023-08,1,50222,0,64.0,29.0,1,0.0,34438,4.7
berth,MP-3,MP-3 — Multipurpose Berth 3,Dry Bulk & General,MPT,2023-08,1,13005,0,104.0,7.0,0,0.0,3218,13.0
berth,RR-1,RR-1 — Ro-Ro Berth 1,Dry Bulk & General,RRT,2023-08,1,4973,0,43.0,23.0,0,0.0,5968,2.7
berth,SPM-1,SPM-1 — Single Point Mooring 1 (crude),Liquid & Offshore,SPM,2023-08,2,477727,0,66.0,18.0,1,0.0,119432,12.9
berth,WB-1,WB-1 — West Basin Coal Berth 1,Dry Bulk & General,WBC,2023-08,1,126840,0,86.0,9.0,0,0.0,39535,10.3
berth,WB-2,WB-2 — West Basin Coal Berth 2,Dry Bulk & General,WBC,2023-08,1,146147,0,76.0,16.0,0,0.0,58459,8.1
port,REFPT,Reference Port,,,2023-09,22,2001384,115431,55.2,16.3,3,13.6,56114,5.0
zone,BULKGEN,Dry Bulk & General,Dry Bulk & General,,2023-09,5,90305,0,92.8,17.8,1,20.0,5780,7.4
zone,CONTAINER,Container,Container,,2023-09,13,1385172,115431,38.5,15.2,2,15.4,109356,3.5
zone,LIQMAR,Liquid & Offshore,Liquid & Offshore,,2023-09,4,525907,0,62.2,18.0,0,0.0,71309,4.9
terminal,CT1,Container Terminal 1,Container,CT1,2023-09,3,292272,24356,45.0,18.3,1,0.0,87682,5.6
terminal,CT2,Container Terminal 2,Container,CT2,2023-09,1,44016,3668,47.0,20.0,0,0.0,39125,1.9
terminal,CT3,Container Terminal 3,Container,CT3,2023-09,6,809544,67462,38.2,15.7,1,16.7,143919,9.4
terminal,CT4,Container Terminal 4,Container,CT4,2023-09,2,162768,13564,36.0,12.5,0,0.0,83116,1.6
terminal,CT5,Container Terminal 5,Container,CT5,2023-09,1,76572,6381,18.0,3.0,0,100.0,122515,1.0
terminal,LQB,Liquid Terminal,Liquid & Offshore,LQB,2023-09,2,63313,0,57.5,16.0,0,0.0,18307,3.8
terminal,MPT,Multipurpose Terminal,Dry Bulk & General,MPT,2023-09,5,90305,0,92.8,17.8,1,20.0,5780,13.0
terminal,SPM,SPM Crude,Liquid & Offshore,SPM,2023-09,2,462594,0,67.0,20.0,0,0.0,118109,6.5
berth,CT1-2,CT1-2 — CT1 Berth 2,Container,CT1,2023-09,3,292272,24356,45.0,18.3,1,0.0,87682,11.1
berth,CT2-2,CT2-2 — CT2 Berth 2,Container,CT2,2023-09,1,44016,3668,47.0,20.0,0,0.0,39125,3.8
berth,CT3-1,CT3-1 — CT3 Berth 1,Container,CT3,2023-09,1,174408,14534,48.0,23.0,0,0.0,167432,3.5
berth,CT3-2,CT3-2 — CT3 Berth 2,Container,CT3,2023-09,5,635136,52928,36.2,14.2,1,20.0,138575,15.3
berth,CT4-3,CT4-3 — CT4 Berth 3,Container,CT4,2023-09,1,82248,6854,40.0,17.0,0,0.0,85824,3.2
berth,CT4-4,CT4-4 — CT4 Berth 4,Container,CT4,2023-09,1,80520,6710,32.0,8.0,0,0.0,80520,3.3
berth,CT5-1,CT5-1 — CT5 Berth 1,Container,CT5,2023-09,1,76572,6381,18.0,3.0,0,100.0,122515,2.1
berth,LB-1,LB-1 — Liquid Berth 1,Liquid & Offshore,LQB,2023-09,1,36437,0,58.0,9.0,0,0.0,17847,6.8
berth,LB-2,LB-2 — Liquid Berth 2,Liquid & Offshore,LQB,2023-09,1,26876,0,57.0,23.0,0,0.0,18971,4.7
berth,MP-1,MP-1 — Multipurpose Berth 1,Dry Bulk & General,MPT,2023-09,2,24983,0,111.5,22.0,1,0.0,3350,24.9
berth,MP-2,MP-2 — Multipurpose Berth 2,Dry Bulk & General,MPT,2023-09,2,40781,0,73.5,12.5,0,50.0,8022,16.9
berth,MP-3,MP-3 — Multipurpose Berth 3,Dry Bulk & General,MPT,2023-09,1,24541,0,94.0,20.0,0,0.0,7959,10.3
berth,SPM-1,SPM-1 — Single Point Mooring 1 (crude),Liquid & Offshore,SPM,2023-09,2,462594,0,67.0,20.0,0,0.0,118109,13.1
port,REFPT,Reference Port,,,2023-10,26,2505816,75614,61.5,17.2,4,11.5,52159,6.5
zone,BULKGEN,Dry Bulk & General,Dry Bulk & General,,2023-10,8,554625,0,91.4,16.5,2,25.0,22222,11.5
zone,CONTAINER,Container,Container,,2023-10,10,907368,75614,38.5,16.3,1,10.0,98094,2.5
zone,LIQMAR,Liquid & Offshore,Liquid & Offshore,,2023-10,8,1043823,0,60.4,18.9,1,0.0,75457,8.9
terminal,CT2,Container Terminal 2,Container,CT2,2023-10,2,186912,15576,36.0,18.5,0,0.0,128168,2.4
terminal,CT3,Container Terminal 3,Container,CT3,2023-10,3,217452,18121,42.3,14.7,0,0.0,62878,5.6
terminal,CT4,Container Terminal 4,Container,CT4,2023-10,3,373248,31104,39.7,18.0,1,33.3,137815,2.2
terminal,CT5,Container Terminal 5,Container,CT5,2023-10,2,129756,10813,33.5,14.0,0,0.0,79850,2.6
terminal,LQB,Liquid Terminal,Liquid & Offshore,LQB,2023-10,4,172753,0,63.8,18.8,1,0.0,23034,8.1
terminal,MPT,Multipurpose Terminal,Dry Bulk & General,MPT,2023-10,2,65202,0,117.0,9.0,0,50.0,7245,7.3
terminal,RRT,Ro-Ro Terminal,Dry Bulk & General,RRT,2023-10,2,9342,0,41.5,26.0,1,0.0,7233,4.2
terminal,SPM,SPM Crude,Liquid & Offshore,SPM,2023-10,4,871070,0,57.0,19.0,0,0.0,137537,10.2
terminal,WBC,West Basin Coal Terminal,Dry Bulk & General,WBC,2023-10,4,480081,0,103.5,15.5,1,25.0,32733,23.7
berth,CT2-1,CT2-1 — CT2 Berth 1,Container,CT2,2023-10,2,186912,15576,36.0,18.5,0,0.0,128168,4.7
berth,CT3-1,CT3-1 — CT3 Berth 1,Container,CT3,2023-10,2,175956,14663,38.0,11.5,0,0.0,79678,7.1
berth,CT3-2,CT3-2 — CT3 Berth 2,Container,CT3,2023-10,1,41496,3458,51.0,21.0,0,0.0,33197,4.0
berth,CT4-2,CT4-2 — CT4 Berth 2,Container,CT4,2023-10,2,262908,21909,31.5,14.0,0,50.0,180280,4.7
berth,CT4-4,CT4-4 — CT4 Berth 4,Container,CT4,2023-10,1,110340,9195,56.0,26.0,1,0.0,88272,4.0
berth,CT5-1,CT5-1 — CT5 Berth 1,Container,CT5,2023-10,1,81624,6802,36.0,12.0,0,0.0,81624,3.2
berth,CT5-2,CT5-2 — CT5 Berth 2,Container,CT5,2023-10,1,48132,4011,31.0,16.0,0,0.0,77011,2.0
berth,LB-1,LB-1 — Liquid Berth 1,Liquid & Offshore,LQB,2023-10,3,131198,0,65.7,20.7,1,0.0,23324,18.1
berth,LB-3,LB-3 — Liquid Berth 3,Liquid & Offshore,LQB,2023-10,1,41555,0,58.0,13.0,0,0.0,22163,6.0
berth,MP-1,MP-1 — Multipurpose Berth 1,Dry Bulk & General,MPT,2023-10,1,27381,0,122.0,15.0,0,0.0,6142,14.4
berth,MP-3,MP-3 — Multipurpose Berth 3,Dry Bulk & General,MPT,2023-10,1,37821,0,112.0,3.0,0,100.0,8328,14.7
berth,RR-1,RR-1 — Ro-Ro Berth 1,Dry Bulk & General,RRT,2023-10,2,9342,0,41.5,26.0,1,0.0,7233,4.2
berth,SPM-1,SPM-1 — Single Point Mooring 1 (crude),Liquid & Offshore,SPM,2023-10,4,871070,0,57.0,19.0,0,0.0,137537,20.4
berth,WB-1,WB-1 — West Basin Coal Berth 1,Dry Bulk & General,WBC,2023-10,3,344106,0,103.0,15.7,1,33.3,31521,35.2
berth,WB-2,WB-2 — West Basin Coal Berth 2,Dry Bulk & General,WBC,2023-10,1,135975,0,105.0,15.0,0,0.0,36260,12.1
port,REFPT,Reference Port,,,2023-11,25,2296688,131793,52.3,17.5,7,16.0,63357,5.0
zone,BULKGEN,Dry Bulk & General,Dry Bulk & General,,2023-11,7,346515,0,78.6,17.9,2,28.6,19568,8.4
zone,CONTAINER,Container,Container,,2023-11,14,1581516,131793,35.2,16.6,5,14.3,145986,3.0
zone,LIQMAR,Liquid & Offshore,Liquid & Offshore,,2023-11,4,368657,0,66.2,20.0,0,0.0,47826,5.1
terminal,CT1,Container Terminal 1,Container,CT1,2023-11,4,478164,39847,35.8,16.2,1,0.0,147127,5.4
terminal,CT2,Container Terminal 2,Container,CT2,2023-11,1,51552,4296,40.0,25.0,1,0.0,82483,1.0
terminal,CT3,Container Terminal 3,Container,CT3,2023-11,2,144372,12031,47.0,26.5,2,0.0,84510,2.8
terminal,CT4,Container Terminal 4,Container,CT4,2023-11,4,503664,41972,29.0,9.0,0,50.0,151099,2.8
terminal,CT5,Container Terminal 5,Container,CT5,2023-11,3,403764,33647,33.3,18.0,1,0.0,210659,3.2
terminal,LQB,Liquid Terminal,Liquid & Offshore,LQB,2023-11,3,125928,0,70.3,18.7,0,0.0,19499,7.2
terminal,MPT,Multipurpose Terminal,Dry Bulk & General,MPT,2023-11,3,106535,0,104.0,20.0,2,33.3,10146,8.8
terminal,RRT,Ro-Ro Terminal,Dry Bulk & General,RRT,2023-11,2,8920,0,40.5,19.0,0,0.0,4979,6.0
terminal,SPM,SPM Crude,Liquid & Offshore,SPM,2023-11,1,242729,0,54.0,24.0,0,0.0,194183,2.1
terminal,WBC,West Basin Coal Terminal,Dry Bulk & General,WBC,2023-11,2,231060,0,78.5,13.5,0,50.0,42657,9.0
berth,CT1-2,CT1-2 — CT1 Berth 2,Container,CT1,2023-11,4,478164,39847,35.8,16.2,1,0.0,147127,10.8
berth,CT2-1,CT2-1 — CT2 Berth 1,Container,CT2,2023-11,1,51552,4296,40.0,25.0,1,0.0,82483,2.1
berth,CT3-1,CT3-1 — CT3 Berth 1,Container,CT3,2023-11,2,144372,12031,47.0,26.5,2,0.0,84510,5.7
berth,CT4-1,CT4-1 — CT4 Berth 1,Container,CT4,2023-11,1,149076,12423,30.0,5.0,0,100.0,143113,3.5
berth,CT4-3,CT4-3 — CT4 Berth 3,Container,CT4,2023-11,2,192144,16012,30.0,10.5,0,50.0,118242,5.4
berth,CT4-4,CT4-4 — CT4 Berth 4,Container,CT4,2023-11,1,162444,13537,26.0,10.0,0,0.0,243666,2.2
berth,CT5-1,CT5-1 — CT5 Berth 1,Container,CT5,2023-11,2,309228,25769,28.5,13.0,0,0.0,239402,4.3
berth,CT5-2,CT5-2 — CT5 Berth 2,Container,CT5,2023-11,1,94536,7878,43.0,28.0,1,0.0,151258,2.1
berth,LB-1,LB-1 — Liquid Berth 1,Liquid & Offshore,LQB,2023-11,1,42765,0,79.0,24.0,0,0.0,18661,7.6
berth,LB-2,LB-2 — Liquid Berth 2,Liquid & Offshore,LQB,2023-11,1,41017,0,78.0,24.0,0,0.0,18230,7.5
berth,LB-3,LB-3 — Liquid Berth 3,Liquid & Offshore,LQB,2023-11,1,42146,0,54.0,8.0,0,0.0,21989,6.4
berth,MP-2,MP-2 — Multipurpose Berth 2,Dry Bulk & General,MPT,2023-11,1,26237,0,103.0,29.0,1,0.0,8509,10.3
berth,MP-3,MP-3 — Multipurpose Berth 3,Dry Bulk & General,MPT,2023-11,2,80298,0,104.5,15.5,1,50.0,10827,24.7
berth,RR-1,RR-1 — Ro-Ro Berth 1,Dry Bulk & General,RRT,2023-11,2,8920,0,40.5,19.0,0,0.0,4979,6.0
berth,SPM-1,SPM-1 — Single Point Mooring 1 (crude),Liquid & Offshore,SPM,2023-11,1,242729,0,54.0,24.0,0,0.0,194183,4.2
berth,WB-2,WB-2 — West Basin Coal Berth 2,Dry Bulk & General,WBC,2023-11,2,231060,0,78.5,13.5,0,50.0,42657,18.1
port,REFPT,Reference Port,,,2023-12,27,2213215,137662,52.1,15.3,4,18.5,53438,5.6
zone,BULKGEN,Dry Bulk & General,Dry Bulk & General,,2023-12,5,398728,0,95.6,15.2,1,40.0,23805,7.7
zone,CONTAINER,Container,Container,,2023-12,17,1651944,137662,38.1,14.9,2,17.6,100882,4.4
zone,LIQMAR,Liquid & Offshore,Liquid & Offshore,,2023-12,5,162543,0,56.4,16.6,1,0.0,19603,5.3
terminal,CT1,Container Terminal 1,Container,CT1,2023-12,2,350808,29234,35.5,12.5,0,50.0,183030,3.1
terminal,CT2,Container Terminal 2,Container,CT2,2023-12,3,301236,25103,43.0,15.7,0,0.0,88167,5.5
terminal,CT3,Container Terminal 3,Container,CT3,2023-12,2,152892,12741,22.0,4.0,0,100.0,101928,2.4
terminal,CT4,Container Terminal 4,Container,CT4,2023-12,7,576348,48029,42.0,18.9,2,0.0,85385,5.4
terminal,CT5,Container Terminal 5,Container,CT5,2023-12,3,270660,22555,36.3,14.0,0,0.0,96953,4.5
terminal,LQB,Liquid Terminal,Liquid & Offshore,LQB,2023-12,5,162543,0,56.4,16.6,1,0.0,19603,8.9
terminal,MPT,Multipurpose Terminal,Dry Bulk & General,MPT,2023-12,2,49017,0,107.0,16.0,1,50.0,6464,6.1
terminal,WBC,West Basin Coal Terminal,Dry Bulk & General,WBC,2023-12,3,349711,0,88.0,14.7,0,33.3,38150,14.8
berth,CT1-1,CT1-1 — CT1 Berth 1,Container,CT1,2023-12,2,350808,29234,35.5,12.5,0,50.0,183030,6.2
berth,CT2-1,CT2-1 — CT2 Berth 1,Container,CT2,2023-12,1,89136,7428,46.0,20.0,0,0.0,82279,3.5
berth,CT2-2,CT2-2 — CT2 Berth 2,Container,CT2,2023-12,2,212100,17675,41.5,13.5,0,0.0,90900,7.5
berth,CT3-1,CT3-1 — CT3 Berth 1,Container,CT3,2023-12,1,43788,3649,24.0,5.0,0,100.0,55311,2.6
berth,CT3-2,CT3-2 — CT3 Berth 2,Container,CT3,2023-12,1,109104,9092,20.0,3.0,0,100.0,154029,2.3
berth,CT4-2,CT4-2 — CT4 Berth 2,Container,CT4,2023-12,3,306456,25538,47.0,22.0,1,0.0,98066,10.1
berth,CT4-3,CT4-3 — CT4 Berth 3,Container,CT4,2023-12,2,116364,9697,32.5,18.0,1,0.0,96301,3.9
berth,CT4-4,CT4-4 — CT4 Berth 4,Container,CT4,2023-12,2,153528,12794,44.0,15.0,0,0.0,63529,7.8
berth,CT5-1,CT5-1 — CT5 Berth 1,Container,CT5,2023-12,2,192840,16070,32.5,13.5,0,0.0,121794,5.1
berth,CT5-2,CT5-2 — CT5 Berth 2,Container,CT5,2023-12,1,77820,6485,44.0,15.0,0,0.0,64403,3.9
berth,LB-1,LB-1 — Liquid Berth 1,Liquid & Offshore,LQB,2023-12,1,25171,0,66.0,10.0,0,0.0,10788,7.5
berth,LB-2,LB-2 — Liquid Berth 2,Liquid & Offshore,LQB,2023-12,1,30091,0,59.0,29.0,1,0.0,24073,4.0
berth,LB-3,LB-3 — Liquid Berth 3,Liquid & Offshore,LQB,2023-12,3,107281,0,52.3,14.7,0,0.0,22785,15.2
berth,MP-1,MP-1 — Multipurpose Berth 1,Dry Bulk & General,MPT,2023-12,1,16741,0,133.0,26.0,1,0.0,3755,14.4
berth,MP-3,MP-3 — Multipurpose Berth 3,Dry Bulk & General,MPT,2023-12,1,32276,0,81.0,6.0,0,100.0,10328,10.1
berth,WB-1,WB-1 — West Basin Coal Berth 1,Dry Bulk & General,WBC,2023-12,1,141178,0,79.0,21.0,0,0.0,58418,7.8
berth,WB-2,WB-2 — West Basin Coal Berth 2,Dry Bulk & General,WBC,2023-12,2,208533,0,92.5,11.5,0,50.0,30894,21.8
port,REFPT,Reference Port,,,2024-01,24,1650752,80869,61.3,17.2,5,16.7,37411,5.9
zone,BULKGEN,Dry Bulk & General,Dry Bulk & General,,2024-01,8,305303,0,98.0,20.4,3,0.0,11799,11.9
zone,CONTAINER,Container,Container,,2024-01,11,970428,80869,37.5,16.7,2,18.2,101704,2.6
zone,LIQMAR,Liquid & Offshore,Liquid & Offshore,,2024-01,5,375021,0,55.0,13.2,0,40.0,43065,5.6
terminal,CT1,Container Terminal 1,Container,CT1,2024-01,3,282144,23512,42.7,20.3,1,0.0,101067,4.5
terminal,CT2,Container Terminal 2,Container,CT2,2024-01,1,51180,4265,30.0,13.0,0,0.0,72254,1.1
terminal,CT3,Container Terminal 3,Container,CT3,2024-01,1,94464,7872,27.0,12.0,0,0.0,151142,1.0
terminal,CT4,Container Terminal 4,Container,CT4,2024-01,5,382356,31863,37.0,15.2,1,40.0,84188,3.7
terminal,CT5,Container Terminal 5,Container,CT5,2024-01,1,160284,13357,43.0,22.0,0,0.0,183182,1.4
terminal,LQB,Liquid Terminal,Liquid & Offshore,LQB,2024-01,4,133460,0,50.8,11.0,0,50.0,20145,7.1
terminal,MPT,Multipurpose Terminal,Dry Bulk & General,MPT,2024-01,6,236655,0,101.8,20.7,2,0.0,11663,16.4
terminal,RRT,Ro-Ro Terminal,Dry Bulk & General,RRT,2024-01,1,5465,0,36.0,10.0,0,0.0,5045,3.5
terminal,SPM,SPM Crude,Liquid & Offshore,SPM,2024-01,1,241561,0,72.0,22.0,0,0.0,115949,3.4
terminal,WBC,West Basin Coal Terminal,Dry Bulk & General,WBC,2024-01,1,63183,0,137.0,29.0,1,0.0,14041,7.3
berth,CT1-1,CT1-1 — CT1 Berth 1,Container,CT1,2024-01,1,143928,11994,49.0,28.0,1,0.0,164489,2.8
berth,CT1-2,CT1-2 — CT1 Berth 2,Container,CT1,2024-01,2,138216,11518,39.5,16.5,0,0.0,72113,6.2
berth,CT2-1,CT2-1 — CT2 Berth 1,Container,CT2,2024-01,1,51180,4265,30.0,13.0,0,0.0,72254,2.3
berth,CT3-2,CT3-2 — CT3 Berth 2,Container,CT3,2024-01,1,94464,7872,27.0,12.0,0,0.0,151142,2.0
berth,CT4-1,CT4-1 — CT4 Berth 1,Container,CT4,2024-01,1,169200,14100,40.0,18.0,0,0.0,184582,3.0
berth,CT4-3,CT4-3 — CT4 Berth 3,Container,CT4,2024-01,2,76296,6358,32.0,13.0,0,50.0,48187,5.1
berth,CT4-4,CT4-4 — CT4 Berth 4,Container,CT4,2024-01,2,136860,11405,40.5,16.0,1,50.0,67033,6.6
berth,CT5-2,CT5-2 — CT5 Berth 2,Container,CT5,2024-01,1,160284,13357,43.0,22.0,0,0.0,183182,2.8
berth,LB-1,LB-1 — Liquid Berth 1,Liquid & Offshore,LQB,2024-01,1,34359,0,59.0,5.0,0,100.0,15271,7.3
berth,LB-2,LB-2 — Liquid Berth 2,Liquid & Offshore,LQB,2024-01,1,29776,0,55.0,20.0,0,0.0,20418,4.7
berth,LB-3,LB-3 — Liquid Berth 3,Liquid & Offshore,LQB,2024-01,2,69325,0,44.5,9.5,0,50.0,23769,9.4
berth,MP-1,MP-1 — Multipurpose Berth 1,Dry Bulk & General,MPT,2024-01,3,142749,0,100.7,22.0,1,0.0,14517,31.7
berth,MP-2,MP-2 — Multipurpose Berth 2,Dry Bulk & General,MPT,2024-01,1,40264,0,133.0,30.0,1,0.0,9382,13.8
berth,MP-3,MP-3 — Multipurpose Berth 3,Dry Bulk & General,MPT,2024-01,2,53642,0,88.0,14.0,0,0.0,8699,19.9
berth,RR-1,RR-1 — Ro-Ro Berth 1,Dry Bulk & General,RRT,2024-01,1,5465,0,36.0,10.0,0,0.0,5045,3.5
berth,SPM-1,SPM-1 — Single Point Mooring 1 (crude),Liquid & Offshore,SPM,2024-01,1,241561,0,72.0,22.0,0,0.0,115949,6.7
berth,WB-2,WB-2 — West Basin Coal Berth 2,Dry Bulk & General,WBC,2024-01,1,63183,0,137.0,29.0,1,0.0,14041,14.5
port,REFPT,Reference Port,,,2024-02,28,2329551,129189,53.9,13.4,4,17.9,49390,6.8
zone,BULKGEN,Dry Bulk & General,Dry Bulk & General,,2024-02,9,272479,0,79.8,10.8,1,33.3,10531,12.7
zone,CONTAINER,Container,Container,,2024-02,16,1550268,129189,38.2,14.1,2,12.5,96390,4.6
zone,LIQMAR,Liquid & Offshore,Liquid & Offshore,,2024-02,3,506804,0,59.7,18.0,1,0.0,97306,3.6
terminal,CT1,Container Terminal 1,Container,CT1,2024-02,2,225048,18754,33.0,9.5,0,0.0,114918,3.4
terminal,CT2,Container Terminal 2,Container,CT2,2024-02,2,280644,23387,39.5,15.0,0,0.0,137458,3.5
terminal,CT3,Container Terminal 3,Container,CT3,2024-02,1,128520,10710,52.0,23.0,0,0.0,106361,2.1
terminal,CT4,Container Terminal 4,Container,CT4,2024-02,7,500016,41668,33.9,9.7,0,28.6,71008,6.1
terminal,CT5,Container Terminal 5,Container,CT5,2024-02,4,416040,34670,44.2,21.2,2,0.0,108532,6.6
terminal,LQB,Liquid Terminal,Liquid & Offshore,LQB,2024-02,1,44500,0,70.0,15.0,0,0.0,19418,2.6
terminal,MPT,Multipurpose Terminal,Dry Bulk & General,MPT,2024-02,5,187220,0,108.4,10.2,1,40.0,9151,17.6
terminal,RRT,Ro-Ro Terminal,Dry Bulk & General,RRT,2024-02,3,18105,0,32.7,14.3,0,0.0,7900,7.9
terminal,SPM,SPM Crude,Liquid & Offshore,SPM,2024-02,2,462304,0,54.5,19.5,1,0.0,158504,5.0
terminal,WBC,West Basin Coal Terminal,Dry Bulk & General,WBC,2024-02,1,67154,0,78.0,3.0,0,100.0,21489,5.4
berth,CT1-1,CT1-1 — CT1 Berth 1,Container,CT1,2024-02,1,107064,8922,28.0,11.0,0,0.0,151149,2.4
berth,CT1-2,CT1-2 — CT1 Berth 2,Container,CT1,2024-02,1,117984,9832,38.0,8.0,0,0.0,94387,4.3
berth,CT2-1,CT2-1 — CT2 Berth 1,Container,CT2,2024-02,2,280644,23387,39.5,15.0,0,0.0,137458,7.0
berth,CT3-2,CT3-2 — CT3 Berth 2,Container,CT3,2024-02,1,128520,10710,52.0,23.0,0,0.0,106361,4.2
berth,CT4-1,CT4-1 — CT4 Berth 1,Container,CT4,2024-02,2,108540,9045,41.0,16.5,0,0.0,53162,7.0
berth,CT4-2,CT4-2 — CT4 Berth 2,Container,CT4,2024-02,2,97128,8094,32.0,8.5,0,0.0,49597,6.8
berth,CT4-3,CT4-3 — CT4 Berth 3,Container,CT4,2024-02,3,294348,24529,30.3,6.0,0,66.7,96772,10.5
berth,CT5-1,CT5-1 — CT5 Berth 1,Container,CT5,2024-02,1,183984,15332,36.0,15.0,0,0.0,210267,3.0
berth,CT5-2,CT5-2 — CT5 Berth 2,Container,CT5,2024-02,3,232056,19338,47.0,23.3,2,0.0,78441,10.2
berth,LB-1,LB-1 — Liquid Berth 1,Liquid & Offshore,LQB,2024-02,1,44500,0,70.0,15.0,0,0.0,19418,7.9
berth,MP-1,MP-1 — Multipurpose Berth 1,Dry Bulk & General,MPT,2024-02,2,89768,0,120.5,14.5,1,50.0,10162,30.5
berth,MP-2,MP-2 — Multipurpose Berth 2,Dry Bulk & General,MPT,2024-02,2,78104,0,102.0,5.0,0,50.0,9662,27.9
berth,MP-3,MP-3 — Multipurpose Berth 3,Dry Bulk & General,MPT,2024-02,1,19348,0,97.0,12.0,0,0.0,5463,12.2
berth,RR-1,RR-1 — Ro-Ro Berth 1,Dry Bulk & General,RRT,2024-02,3,18105,0,32.7,14.3,0,0.0,7900,7.9
berth,SPM-1,SPM-1 — Single Point Mooring 1 (crude),Liquid & Offshore,SPM,2024-02,2,462304,0,54.5,19.5,1,0.0,158504,10.1
berth,WB-2,WB-2 — West Basin Coal Berth 2,Dry Bulk & General,WBC,2024-02,1,67154,0,78.0,3.0,0,100.0,21489,10.8
port,REFPT,Reference Port,,,2024-03,27,2189889,91239,60.7,15.3,3,22.2,42834,6.9
zone,BULKGEN,Dry Bulk & General,Dry Bulk & General,,2024-03,11,535108,0,91.5,16.4,1,9.1,15529,15.9
zone,CONTAINER,Container,Container,,2024-03,13,1094868,91239,37.8,16.2,2,23.1,93846,3.1
zone,LIQMAR,Liquid & Offshore,Liquid & Offshore,,2024-03,3,559913,0,47.0,7.0,0,66.7,111983,3.2
terminal,CT1,Container Terminal 1,Container,CT1,2024-03,2,123024,10252,46.5,19.0,1,0.0,53683,3.7
terminal,CT2,Container Terminal 2,Container,CT2,2024-03,2,228228,19019,39.5,19.5,0,0.0,136937,2.7
terminal,CT3,Container Terminal 3,Container,CT3,2024-03,1,135912,11326,42.0,28.0,1,0.0,232992,0.9
terminal,CT4,Container Terminal 4,Container,CT4,2024-03,6,441396,36783,35.3,16.2,0,16.7,92117,3.9
terminal,CT5,Container Terminal 5,Container,CT5,2024-03,2,166308,13859,32.5,4.5,0,100.0,71275,3.8
terminal,LQB,Liquid Terminal,Liquid & Offshore,LQB,2024-03,1,38880,0,46.0,3.0,0,100.0,21700,1.9
terminal,MPT,Multipurpose Terminal,Dry Bulk & General,MPT,2024-03,8,237054,0,93.2,17.2,1,12.5,9357,20.4
terminal,RRT,Ro-Ro Terminal,Dry Bulk & General,RRT,2024-03,1,3026,0,42.0,16.0,0,0.0,2793,3.5
terminal,SPM,SPM Crude,Liquid & Offshore,SPM,2024-03,2,521033,0,47.5,9.0,0,50.0,162400,5.2
terminal,WBC,West Basin Coal Terminal,Dry Bulk & General,WBC,2024-03,2,295028,0,109.5,13.0,0,0.0,36687,13.0
berth,CT1-1,CT1-1 — CT1 Berth 1,Container,CT1,2024-03,1,81372,6781,55.0,28.0,1,0.0,72331,3.6
berth,CT1-2,CT1-2 — CT1 Berth 2,Container,CT1,2024-03,1,41652,3471,38.0,10.0,0,0.0,35702,3.8
berth,CT2-1,CT2-1 — CT2 Berth 1,Container,CT2,2024-03,2,228228,19019,39.5,19.5,0,0.0,136937,5.4
berth,CT3-2,CT3-2 — CT3 Berth 2,Container,CT3,2024-03,1,135912,11326,42.0,28.0,1,0.0,232992,1.9
berth,CT4-2,CT4-2 — CT4 Berth 2,Container,CT4,2024-03,3,163356,13613,39.3,20.0,0,0.0,67596,7.8
berth,CT4-3,CT4-3 — CT4 Berth 3,Container,CT4,2024-03,2,225072,18756,33.5,17.0,0,0.0,163689,4.4
berth,CT4-4,CT4-4 — CT4 Berth 4,Container,CT4,2024-03,1,52968,4414,27.0,3.0,0,100.0,52968,3.2
berth,CT5-2,CT5-2 — CT5 Berth 2,Container,CT5,2024-03,2,166308,13859,32.5,4.5,0,100.0,71275,7.5
berth,LB-3,LB-3 — Liquid Berth 3,Liquid & Offshore,LQB,2024-03,1,38880,0,46.0,3.0,0,100.0,21700,5.8
berth,MP-1,MP-1 — Multipurpose Berth 1,Dry Bulk & General,MPT,2024-03,2,67327,0,76.0,10.5,0,50.0,12335,17.6
berth,MP-2,MP-2 — Multipurpose Berth 2,Dry Bulk & General,MPT,2024-03,2,31139,0,92.0,20.0,1,0.0,5190,19.4
berth,MP-3,MP-3 — Multipurpose Berth 3,Dry Bulk & General,MPT,2024-03,4,138588,0,102.5,19.2,0,0.0,9988,44.8
berth,RR-1,RR-1 — Ro-Ro Berth 1,Dry Bulk & General,RRT,2024-03,1,3026,0,42.0,16.0,0,0.0,2793,3.5
berth,SPM-1,SPM-1 — Single Point Mooring 1 (crude),Liquid & Offshore,SPM,2024-03,2,521033,0,47.5,9.0,0,50.0,162400,10.3
berth,WB-1,WB-1 — West Basin Coal Berth 1,Dry Bulk & General,WBC,2024-03,2,295028,0,109.5,13.0,0,0.0,36687,25.9
port,REFPT,Reference Port,,,2024-04,22,1340288,79835,60.9,14.4,4,22.7,31444,5.9
zone,BULKGEN,Dry Bulk & General,Dry Bulk & General,,2024-04,10,314525,0,86.5,14.6,2,30.0,10499,14.3
zone,CONTAINER,Container,Container,,2024-04,10,958020,79835,34.6,13.4,1,20.0,108455,2.5
zone,LIQMAR,Liquid & Offshore,Liquid & Offshore,,2024-04,2,67743,0,64.0,18.0,1,0.0,17672,2.6
terminal,CT1,Container Terminal 1,Container,CT1,2024-04,2,249888,20824,32.5,16.0,0,0.0,181737,2.3
terminal,CT2,Container Terminal 2,Container,CT2,2024-04,3,302628,25219,40.7,13.7,0,0.0,89668,5.6
terminal,CT3,Container Terminal 3,Container,CT3,2024-04,2,150792,12566,32.5,10.5,0,50.0,82250,3.1
terminal,CT4,Container Terminal 4,Container,CT4,2024-04,2,170316,14193,33.5,16.0,1,50.0,116788,1.2
terminal,CT5,Container Terminal 5,Container,CT5,2024-04,1,84396,7033,27.0,8.0,0,0.0,106605,1.3
terminal,LQB,Liquid Terminal,Liquid & Offshore,LQB,2024-04,2,67743,0,64.0,18.0,1,0.0,17672,4.3
terminal,MPT,Multipurpose Terminal,Dry Bulk & General,MPT,2024-04,4,108814,0,112.8,14.8,1,50.0,6662,13.6
terminal,RRT,Ro-Ro Terminal,Dry Bulk & General,RRT,2024-04,3,17721,0,33.0,12.3,0,33.3,6860,8.6
terminal,WBC,West Basin Coal Terminal,Dry Bulk & General,WBC,2024-04,3,187990,0,105.0,16.7,1,0.0,17026,18.4
berth,CT1-2,CT1-2 — CT1 Berth 2,Container,CT1,2024-04,2,249888,20824,32.5,16.0,0,0.0,181737,4.6
berth,CT2-1,CT2-1 — CT2 Berth 1,Container,CT2,2024-04,1,77832,6486,45.0,17.0,0,0.0,66713,3.9
berth,CT2-2,CT2-2 — CT2 Berth 2,Container,CT2,2024-04,2,224796,18733,38.5,12.0,0,0.0,101794,7.4
berth,CT3-2,CT3-2 — CT3 Berth 2,Container,CT3,2024-04,2,150792,12566,32.5,10.5,0,50.0,82250,6.1
berth,CT4-4,CT4-4 — CT4 Berth 4,Container,CT4,2024-04,2,170316,14193,33.5,16.0,1,50.0,116788,4.9
berth,CT5-2,CT5-2 — CT5 Berth 2,Container,CT5,2024-04,1,84396,7033,27.0,8.0,0,0.0,106605,2.6
berth,LB-2,LB-2 — Liquid Berth 2,Liquid & Offshore,LQB,2024-04,1,42530,0,76.0,28.0,1,0.0,21265,6.7
berth,LB-3,LB-3 — Liquid Berth 3,Liquid & Offshore,LQB,2024-04,1,25213,0,52.0,8.0,0,0.0,13753,6.1
berth,MP-1,MP-1 — Multipurpose Berth 1,Dry Bulk & General,MPT,2024-04,1,33896,0,127.0,18.0,0,0.0,7463,15.1
berth,MP-2,MP-2 — Multipurpose Berth 2,Dry Bulk & General,MPT,2024-04,1,12439,0,127.0,30.0,1,0.0,3078,13.5
berth,MP-3,MP-3 — Multipurpose Berth 3,Dry Bulk & General,MPT,2024-04,2,62479,0,98.5,5.5,0,100.0,8062,25.8
berth,RR-1,RR-1 — Ro-Ro Berth 1,Dry Bulk & General,RRT,2024-04,3,17721,0,33.0,12.3,0,33.3,6860,8.6
berth,WB-2,WB-2 — West Basin Coal Berth 2,Dry Bulk & General,WBC,2024-04,3,187990,0,105.0,16.7,1,0.0,17026,36.8
port,REFPT,Reference Port,,,2024-05,25,1902335,43592,66.8,15.0,3,12.0,35228,7.3
zone,BULKGEN,Dry Bulk & General,Dry Bulk & General,,2024-05,15,692879,0,85.0,16.5,3,13.3,16176,19.7
zone,CONTAINER,Container,Container,,2024-05,6,523104,43592,34.3,16.0,0,0.0,114132,1.2
zone,LIQMAR,Liquid & Offshore,Liquid & Offshore,,2024-05,4,686352,0,47.5,8.0,0,25.0,104256,4.2
terminal,CT1,Container Terminal 1,Container,CT1,2024-05,1,63636,5303,29.0,12.0,0,0.0,89839,1.1
terminal,CT3,Container Terminal 3,Container,CT3,2024-05,2,211632,17636,38.5,17.5,0,0.0,120933,2.8
terminal,CT4,Container Terminal 4,Container,CT4,2024-05,3,247836,20653,33.3,16.3,0,0.0,116629,1.7
terminal,LQB,Liquid Terminal,Liquid & Offshore,LQB,2024-05,1,36238,0,43.0,4.0,0,100.0,22300,1.7
terminal,MPT,Multipurpose Terminal,Dry Bulk & General,MPT,2024-05,9,332165,0,98.9,17.1,2,11.1,10831,24.7
terminal,RRT,Ro-Ro Terminal,Dry Bulk & General,RRT,2024-05,3,15343,0,42.7,21.0,1,0.0,5665,8.7
terminal,SPM,SPM Crude,Liquid & Offshore,SPM,2024-05,3,650114,0,49.0,9.3,0,0.0,131115,8.0
terminal,WBC,West Basin Coal Terminal,Dry Bulk & General,WBC,2024-05,3,345371,0,85.7,10.0,0,33.3,36515,15.3
berth,CT1-2,CT1-2 — CT1 Berth 2,Container,CT1,2024-05,1,63636,5303,29.0,12.0,0,0.0,89839,2.3
berth,CT3-2,CT3-2 — CT3 Berth 2,Container,CT3,2024-05,2,211632,17636,38.5,17.5,0,0.0,120933,5.6
berth,CT4-1,CT4-1 — CT4 Berth 1,Container,CT4,2024-05,2,113880,9490,34.5,17.5,0,0.0,80386,4.6
berth,CT4-2,CT4-2 — CT4 Berth 2,Container,CT4,2024-05,1,133956,11163,31.0,14.0,0,0.0,189114,2.3
berth,LB-2,LB-2 — Liquid Berth 2,Liquid & Offshore,LQB,2024-05,1,36238,0,43.0,4.0,0,100.0,22300,5.2
berth,MP-1,MP-1 — Multipurpose Berth 1,Dry Bulk & General,MPT,2024-05,3,92915,0,101.0,12.0,0,33.3,8352,35.9
berth,MP-2,MP-2 — Multipurpose Berth 2,Dry Bulk & General,MPT,2024-05,3,132177,0,88.7,18.3,1,0.0,15034,28.4
berth,MP-3,MP-3 — Multipurpose Berth 3,Dry Bulk & General,MPT,2024-05,3,107073,0,107.0,21.0,1,0.0,9960,34.7
berth,RR-1,RR-1 — Ro-Ro Berth 1,Dry Bulk & General,RRT,2024-05,3,15343,0,42.7,21.0,1,0.0,5665,8.7
berth,SPM-1,SPM-1 — Single Point Mooring 1 (crude),Liquid & Offshore,SPM,2024-05,3,650114,0,49.0,9.3,0,0.0,131115,16.0
berth,WB-2,WB-2 — West Basin Coal Berth 2,Dry Bulk & General,WBC,2024-05,3,345371,0,85.7,10.0,0,33.3,36515,30.5
port,REFPT,Reference Port,,,2024-06,29,2310795,65381,67.9,16.6,7,17.2,37246,8.6
zone,BULKGEN,Dry Bulk & General,Dry Bulk & General,,2024-06,13,593727,0,93.6,18.0,3,15.4,14496,19.5
zone,CONTAINER,Container,Container,,2024-06,10,784572,65381,39.7,17.2,3,20.0,83688,2.6
zone,LIQMAR,Liquid & Offshore,Liquid & Offshore,,2024-06,6,932496,0,59.3,12.5,1,16.7,79644,7.8
terminal,CT1,Container Terminal 1,Container,CT1,2024-06,1,69828,5819,42.0,12.0,0,0.0,55862,2.1
terminal,CT2,Container Terminal 2,Container,CT2,2024-06,2,206136,17178,48.5,28.0,2,0.0,120665,2.8
terminal,CT3,Container Terminal 3,Container,CT3,2024-06,1,66180,5515,48.0,26.0,1,0.0,72196,1.5
terminal,CT4,Container Terminal 4,Container,CT4,2024-06,5,350028,29169,38.2,15.0,0,20.0,72420,4.0
terminal,CT5,Container Terminal 5,Container,CT5,2024-06,1,92400,7700,19.0,3.0,0,100.0,138600,1.1
terminal,LQB,Liquid Terminal,Liquid & Offshore,LQB,2024-06,2,80378,0,47.5,5.5,0,50.0,22965,3.9
terminal,MPT,Multipurpose Terminal,Dry Bulk & General,MPT,2024-06,7,247244,0,109.0,19.7,2,14.3,9494,21.7
terminal,RRT,Ro-Ro Terminal,Dry Bulk & General,RRT,2024-06,3,13999,0,44.3,21.0,1,0.0,4800,9.7
terminal,SPM,SPM Crude,Liquid & Offshore,SPM,2024-06,4,852118,0,65.2,16.0,1,0.0,103811,13.7
terminal,WBC,West Basin Coal Terminal,Dry Bulk & General,WBC,2024-06,3,332484,0,107.0,11.0,0,33.3,27707,20.0
berth,CT1-1,CT1-1 — CT1 Berth 1,Container,CT1,2024-06,1,69828,5819,42.0,12.0,0,0.0,55862,4.2
berth,CT2-1,CT2-1 — CT2 Berth 1,Container,CT2,2024-06,1,66828,5569,43.0,26.0,1,0.0,94345,2.4
berth,CT2-2,CT2-2 — CT2 Berth 2,Container,CT2,2024-06,1,139308,11609,54.0,30.0,1,0.0,139308,3.3
berth,CT3-2,CT3-2 — CT3 Berth 2,Container,CT3,2024-06,1,66180,5515,48.0,26.0,1,0.0,72196,3.1
berth,CT4-2,CT4-2 — CT4 Berth 2,Container,CT4,2024-06,5,350028,29169,38.2,15.0,0,20.0,72420,16.1
berth,CT5-1,CT5-1 — CT5 Berth 1,Container,CT5,2024-06,1,92400,7700,19.0,3.0,0,100.0,138600,2.2
berth,LB-2,LB-2 — Liquid Berth 2,Liquid & Offshore,LQB,2024-06,2,80378,0,47.5,5.5,0,50.0,22965,11.7
berth,MP-1,MP-1 — Multipurpose Berth 1,Dry Bulk & General,MPT,2024-06,1,36430,0,74.0,4.0,0,100.0,12490,9.7
berth,MP-2,MP-2 — Multipurpose Berth 2,Dry Bulk & General,MPT,2024-06,2,82867,0,114.5,19.0,0,0.0,10413,26.5
berth,MP-3,MP-3 — Multipurpose Berth 3,Dry Bulk & General,MPT,2024-06,4,127947,0,115.0,24.0,2,0.0,8436,50.6
berth,RR-1,RR-1 — Ro-Ro Berth 1,Dry Bulk & General,RRT,2024-06,3,13999,0,44.3,21.0,1,0.0,4800,9.7
berth,SPM-1,SPM-1 — Single Point Mooring 1 (crude),Liquid & Offshore,SPM,2024-06,4,852118,0,65.2,16.0,1,0.0,103811,27.4
berth,WB-1,WB-1 — West Basin Coal Berth 1,Dry Bulk & General,WBC,2024-06,2,175767,0,114.5,13.5,0,0.0,20883,28.1
berth,WB-2,WB-2 — West Basin Coal Berth 2,Dry Bulk & General,WBC,2024-06,1,156717,0,92.0,6.0,0,100.0,43735,11.9
port,REFPT,Reference Port,,,2024-07,28,2082570,119735,57.7,15.6,4,7.1,42465,6.6
zone,BULKGEN,Dry Bulk & General,Dry Bulk & General,,2024-07,9,423307,0,101.7,17.3,1,0.0,13385,14.6
zone,CONTAINER,Container,Container,,2024-07,17,1436820,119735,36.2,15.3,3,5.9,97137,4.0
zone,LIQMAR,Liquid & Offshore,Liquid & Offshore,,2024-07,2,222443,0,42.5,11.0,0,50.0,84740,1.7
terminal,CT1,Container Terminal 1,Container,CT1,2024-07,1,83376,6948,41.0,21.0,0,0.0,100051,1.3
terminal,CT2,Container Terminal 2,Container,CT2,2024-07,6,499560,41630,35.8,17.0,2,0.0,106101,7.6
terminal,CT3,Container Terminal 3,Container,CT3,2024-07,2,148872,12406,35.0,15.0,0,0.0,89323,2.7
terminal,CT4,Container Terminal 4,Container,CT4,2024-07,5,391200,32600,38.6,14.0,1,20.0,76332,4.1
terminal,CT5,Container Terminal 5,Container,CT5,2024-07,3,313812,26151,32.0,12.3,0,0.0,127652,4.0
terminal,LQB,Liquid Terminal,Liquid & Offshore,LQB,2024-07,1,37361,0,35.0,3.0,0,100.0,28021,1.4
terminal,MPT,Multipurpose Terminal,Dry Bulk & General,MPT,2024-07,7,228483,0,99.4,16.0,0,0.0,9390,19.6
terminal,SPM,SPM Crude,Liquid & Offshore,SPM,2024-07,1,185082,0,50.0,19.0,0,0.0,143289,2.1
terminal,WBC,West Basin Coal Terminal,Dry Bulk & General,WBC,2024-07,2,194824,0,109.5,22.0,1,0.0,26719,11.8
berth,CT1-2,CT1-2 — CT1 Berth 2,Container,CT1,2024-07,1,83376,6948,41.0,21.0,0,0.0,100051,2.7
berth,CT2-1,CT2-1 — CT2 Berth 1,Container,CT2,2024-07,3,286572,23881,40.0,18.0,1,0.0,104208,8.9
berth,CT2-2,CT2-2 — CT2 Berth 2,Container,CT2,2024-07,3,212988,17749,31.7,16.0,1,0.0,108760,6.3
berth,CT3-1,CT3-1 — CT3 Berth 1,Container,CT3,2024-07,1,51276,4273,28.0,14.0,0,0.0,87902,1.9
berth,CT3-2,CT3-2 — CT3 Berth 2,Container,CT3,2024-07,1,97596,8133,42.0,16.0,0,0.0,90089,3.5
berth,CT4-1,CT4-1 — CT4 Berth 1,Container,CT4,2024-07,2,170484,14207,45.0,17.0,0,0.0,73065,7.5
berth,CT4-2,CT4-2 — CT4 Berth 2,Container,CT4,2024-07,2,129348,10779,38.0,16.0,1,0.0,70553,5.9
berth,CT4-4,CT4-4 — CT4 Berth 4,Container,CT4,2024-07,1,91368,7614,27.0,4.0,0,100.0,95341,3.1
berth,CT5-2,CT5-2 — CT5 Berth 2,Container,CT5,2024-07,3,313812,26151,32.0,12.3,0,0.0,127652,7.9
berth,LB-3,LB-3 — Liquid Berth 3,Liquid & Offshore,LQB,2024-07,1,37361,0,35.0,3.0,0,100.0,28021,4.3
berth,MP-1,MP-1 — Multipurpose Berth 1,Dry Bulk & General,MPT,2024-07,3,105647,0,104.3,15.0,0,0.0,9461,36.0
berth,MP-2,MP-2 — Multipurpose Berth 2,Dry Bulk & General,MPT,2024-07,2,72287,0,97.5,13.5,0,0.0,10327,22.6
berth,MP-3,MP-3 — Multipurpose Berth 3,Dry Bulk & General,MPT,2024-07,2,50549,0,94.0,20.0,0,0.0,8197,19.9
berth,SPM-1,SPM-1 — Single Point Mooring 1 (crude),Liquid & Offshore,SPM,2024-07,1,185082,0,50.0,19.0,0,0.0,143289,4.2
berth,WB-2,WB-2 — West Basin Coal Berth 2,Dry Bulk & General,WBC,2024-07,2,194824,0,109.5,22.0,1,0.0,26719,23.5
port,REFPT,Reference Port,,,2024-08,27,2419395,88625,64.7,15.7,5,18.5,43889,7.4
zone,BULKGEN,Dry Bulk & General,Dry Bulk & General,,2024-08,11,699038,0,92.8,15.8,1,9.1,19807,16.3
zone,CONTAINER,Container,Container,,2024-08,12,1063500,88625,41.5,16.8,4,16.7,86230,3.3
zone,LIQMAR,Liquid & Offshore,Liquid & Offshore,,2024-08,4,656857,0,56.8,11.8,0,50.0,87581,4.8
terminal,CT1,Container Terminal 1,Container,CT1,2024-08,1,53412,4451,24.0,7.0,0,0.0,75405,1.1
terminal,CT2,Container Terminal 2,Container,CT2,2024-08,5,424500,35375,43.4,17.8,2,20.0,79594,8.6
terminal,CT3,Container Terminal 3,Container,CT3,2024-08,1,91188,7599,40.0,22.0,0,0.0,121584,1.2
terminal,CT4,Container Terminal 4,Container,CT4,2024-08,5,494400,41200,43.4,16.8,2,20.0,89215,4.5
terminal,LQB,Liquid Terminal,Liquid & Offshore,LQB,2024-08,1,43927,0,63.0,21.0,0,0.0,25101,1.9
terminal,MPT,Multipurpose Terminal,Dry Bulk & General,MPT,2024-08,6,241167,0,97.7,19.5,1,0.0,12341,15.8
terminal,RRT,Ro-Ro Terminal,Dry Bulk & General,RRT,2024-08,1,3633,0,44.0,18.0,0,0.0,3354,3.5
terminal,SPM,SPM Crude,Liquid & Offshore,SPM,2024-08,3,612930,0,54.7,8.7,0,66.7,106597,9.3
terminal,WBC,West Basin Coal Terminal,Dry Bulk & General,WBC,2024-08,4,454238,0,97.8,9.8,0,25.0,30971,23.7
berth,CT1-2,CT1-2 — CT1 Berth 2,Container,CT1,2024-08,1,53412,4451,24.0,7.0,0,0.0,75405,2.3
berth,CT2-1,CT2-1 — CT2 Berth 1,Container,CT2,2024-08,2,109548,9129,39.5,15.5,0,0.0,54774,6.5
berth,CT2-2,CT2-2 — CT2 Berth 2,Container,CT2,2024-08,3,314952,26246,46.0,19.3,2,33.3,94486,10.8
berth,CT3-1,CT3-1 — CT3 Berth 1,Container,CT3,2024-08,1,91188,7599,40.0,22.0,0,0.0,121584,2.4
berth,CT4-1,CT4-1 — CT4 Berth 1,Container,CT4,2024-08,2,228912,19076,45.0,20.0,1,0.0,109878,6.7
berth,CT4-2,CT4-2 — CT4 Berth 2,Container,CT4,2024-08,1,47940,3995,40.0,12.0,0,0.0,41091,3.8
berth,CT4-3,CT4-3 — CT4 Berth 3,Container,CT4,2024-08,1,138552,11546,34.0,4.0,0,100.0,110842,4.0
berth,CT4-4,CT4-4 — CT4 Berth 4,Container,CT4,2024-08,1,78996,6583,53.0,28.0,1,0.0,75836,3.4
berth,LB-1,LB-1 — Liquid Berth 1,Liquid & Offshore,LQB,2024-08,1,43927,0,63.0,21.0,0,0.0,25101,5.6
berth,MP-1,MP-1 — Multipurpose Berth 1,Dry Bulk & General,MPT,2024-08,2,82933,0,98.0,14.5,0,0.0,11919,22.4
berth,MP-2,MP-2 — Multipurpose Berth 2,Dry Bulk & General,MPT,2024-08,2,52614,0,86.5,23.0,1,0.0,9943,17.1
berth,MP-3,MP-3 — Multipurpose Berth 3,Dry Bulk & General,MPT,2024-08,2,105620,0,108.5,21.0,0,0.0,14485,23.5
berth,RR-1,RR-1 — Ro-Ro Berth 1,Dry Bulk & General,RRT,2024-08,1,3633,0,44.0,18.0,0,0.0,3354,3.5
berth,SPM-1,SPM-1 — Single Point Mooring 1 (crude),Liquid & Offshore,SPM,2024-08,3,612930,0,54.7,8.7,0,66.7,106597,18.5
berth,WB-1,WB-1 — West Basin Coal Berth 1,Dry Bulk & General,WBC,2024-08,3,389148,0,95.0,9.7,0,33.3,36483,34.4
berth,WB-2,WB-2 — West Basin Coal Berth 2,Dry Bulk & General,WBC,2024-08,1,65090,0,106.0,10.0,0,0.0,16272,12.9
port,REFPT,Reference Port,,,2024-09,30,2695879,170809,52.9,19.4,13,10.0,64379,5.8
zone,BULKGEN,Dry Bulk & General,Dry Bulk & General,,2024-09,7,364884,0,85.9,19.9,2,0.0,18955,9.2
zone,CONTAINER,Container,Container,,2024-09,21,2049708,170809,43.5,20.6,11,9.5,102272,5.6
zone,LIQMAR,Liquid & Offshore,Liquid & Offshore,,2024-09,2,281287,0,36.0,5.0,0,50.0,108885,1.7
terminal,CT1,Container Terminal 1,Container,CT1,2024-09,3,290076,24173,51.0,26.3,2,0.0,94079,5.1
terminal,CT2,Container Terminal 2,Container,CT2,2024-09,3,357720,29810,44.7,23.3,2,0.0,134145,4.4
terminal,CT3,Container Terminal 3,Container,CT3,2024-09,2,155916,12993,40.5,21.0,1,0.0,95948,2.7
terminal,CT4,Container Terminal 4,Container,CT4,2024-09,10,1004196,83683,43.0,19.2,5,10.0,101263,8.3
terminal,CT5,Container Terminal 5,Container,CT5,2024-09,3,241800,20150,38.3,16.3,1,33.3,87927,4.6
terminal,LQB,Liquid Terminal,Liquid & Offshore,LQB,2024-09,1,29707,0,40.0,7.0,0,0.0,21605,1.5
terminal,MPT,Multipurpose Terminal,Dry Bulk & General,MPT,2024-09,3,68765,0,109.3,21.7,1,0.0,6275,9.1
terminal,RRT,Ro-Ro Terminal,Dry Bulk & General,RRT,2024-09,2,10053,0,35.0,16.5,0,0.0,6521,5.1
terminal,SPM,SPM Crude,Liquid & Offshore,SPM,2024-09,1,251580,0,32.0,3.0,0,100.0,208204,2.0
terminal,WBC,West Basin Coal Terminal,Dry Bulk & General,WBC,2024-09,2,286066,0,101.5,20.5,1,0.0,42380,11.2
berth,CT1-1,CT1-1 — CT1 Berth 1,Container,CT1,2024-09,2,231840,19320,50.5,26.0,1,0.0,113554,6.8
berth,CT1-2,CT1-2 — CT1 Berth 2,Container,CT1,2024-09,1,58236,4853,52.0,27.0,1,0.0,55907,3.5
berth,CT2-2,CT2-2 — CT2 Berth 2,Container,CT2,2024-09,3,357720,29810,44.7,23.3,2,0.0,134145,8.9
berth,CT3-1,CT3-1 — CT3 Berth 1,Container,CT3,2024-09,1,60072,5006,42.0,17.0,0,0.0,57669,3.5
berth,CT3-2,CT3-2 — CT3 Berth 2,Container,CT3,2024-09,1,95844,7987,39.0,25.0,1,0.0,164304,1.9
berth,CT4-1,CT4-1 — CT4 Berth 1,Container,CT4,2024-09,1,60540,5045,46.0,27.0,1,0.0,76472,2.6
berth,CT4-2,CT4-2 — CT4 Berth 2,Container,CT4,2024-09,2,227172,18931,41.0,18.5,1,0.0,121158,6.2
berth,CT4-3,CT4-3 — CT4 Berth 3,Container,CT4,2024-09,3,254004,21167,43.0,19.7,2,0.0,87087,9.7
berth,CT4-4,CT4-4 — CT4 Berth 4,Container,CT4,2024-09,4,462480,38540,43.2,17.2,1,25.0,106726,14.4
berth,CT5-1,CT5-1 — CT5 Berth 1,Container,CT5,2024-09,1,81432,6786,30.0,3.0,0,100.0,72384,3.8
berth,CT5-2,CT5-2 — CT5 Berth 2,Container,CT5,2024-09,2,160368,13364,42.5,23.0,1,0.0,98688,5.4
berth,LB-2,LB-2 — Liquid Berth 2,Liquid & Offshore,LQB,2024-09,1,29707,0,40.0,7.0,0,0.0,21605,4.6
berth,MP-2,MP-2 — Multipurpose Berth 2,Dry Bulk & General,MPT,2024-09,2,55275,0,107.0,18.5,0,0.0,7495,24.6
berth,MP-3,MP-3 — Multipurpose Berth 3,Dry Bulk & General,MPT,2024-09,1,13490,0,114.0,28.0,1,0.0,3765,11.9
berth,RR-1,RR-1 — Ro-Ro Berth 1,Dry Bulk & General,RRT,2024-09,2,10053,0,35.0,16.5,0,0.0,6521,5.1
berth,SPM-1,SPM-1 — Single Point Mooring 1 (crude),Liquid & Offshore,SPM,2024-09,1,251580,0,32.0,3.0,0,100.0,208204,4.0
berth,WB-1,WB-1 — West Basin Coal Berth 1,Dry Bulk & General,WBC,2024-09,1,151031,0,126.0,29.0,1,0.0,37368,13.5
berth,WB-2,WB-2 — West Basin Coal Berth 2,Dry Bulk & General,WBC,2024-09,1,135035,0,77.0,12.0,0,0.0,49859,9.0
port,REFPT,Reference Port,,,2024-10,27,2227152,81722,62.4,16.6,6,14.8,43141,6.9
zone,BULKGEN,Dry Bulk & General,Dry Bulk & General,,2024-10,12,734473,0,82.8,12.7,1,25.0,20935,16.2
zone,CONTAINER,Container,Container,,2024-10,11,980664,81722,39.4,18.7,4,9.1,103683,2.5
zone,LIQMAR,Liquid & Offshore,Liquid & Offshore,,2024-10,4,512015,0,64.8,22.2,1,0.0,72284,4.6
terminal,CT1,Container Terminal 1,Container,CT1,2024-10,1,36612,3051,41.0,26.0,1,0.0,58579,1.0
terminal,CT2,Container Terminal 2,Container,CT2,2024-10,1,60612,5051,45.0,21.0,0,0.0,60612,1.6
terminal,CT3,Container Terminal 3,Container,CT3,2024-10,2,249540,20795,46.0,28.0,2,0.0,166360,2.4
terminal,CT4,Container Terminal 4,Container,CT4,2024-10,6,514044,42837,36.8,16.5,1,0.0,101123,4.1
terminal,CT5,Container Terminal 5,Container,CT5,2024-10,1,119856,9988,34.0,4.0,0,100.0,95885,2.0
terminal,LQB,Liquid Terminal,Liquid & Offshore,LQB,2024-10,2,66323,0,56.5,20.0,0,0.0,21805,3.3
terminal,MPT,Multipurpose Terminal,Dry Bulk & General,MPT,2024-10,5,155616,0,95.0,9.6,0,40.0,8747,14.3
terminal,RRT,Ro-Ro Terminal,Dry Bulk & General,RRT,2024-10,2,9989,0,39.5,21.0,1,0.0,6479,5.0
terminal,SPM,SPM Crude,Liquid & Offshore,SPM,2024-10,2,445692,0,73.0,24.5,1,0.0,110274,6.5
terminal,WBC,West Basin Coal Terminal,Dry Bulk & General,WBC,2024-10,5,568868,0,88.0,12.4,0,20.0,36119,25.4
berth,CT1-1,CT1-1 — CT1 Berth 1,Container,CT1,2024-10,1,36612,3051,41.0,26.0,1,0.0,58579,2.0
berth,CT2-1,CT2-1 — CT2 Berth 1,Container,CT2,2024-10,1,60612,5051,45.0,21.0,0,0.0,60612,3.2
berth,CT3-2,CT3-2 — CT3 Berth 2,Container,CT3,2024-10,2,249540,20795,46.0,28.0,2,0.0,166360,4.8
berth,CT4-1,CT4-1 — CT4 Berth 1,Container,CT4,2024-10,1,81552,6796,36.0,14.0,0,0.0,88966,3.0
berth,CT4-2,CT4-2 — CT4 Berth 2,Container,CT4,2024-10,1,57324,4777,34.0,17.0,0,0.0,80928,2.3
berth,CT4-3,CT4-3 — CT4 Berth 3,Container,CT4,2024-10,2,238704,19892,38.5,18.0,1,0.0,139729,5.5
berth,CT4-4,CT4-4 — CT4 Berth 4,Container,CT4,2024-10,2,136464,11372,37.0,16.0,0,0.0,77979,5.6
berth,CT5-2,CT5-2 — CT5 Berth 2,Container,CT5,2024-10,1,119856,9988,34.0,4.0,0,100.0,95885,4.0
berth,LB-2,LB-2 — Liquid Berth 2,Liquid & Offshore,LQB,2024-10,1,36430,0,53.0,16.0,0,0.0,23630,5.0
berth,LB-3,LB-3 — Liquid Berth 3,Liquid & Offshore,LQB,2024-10,1,29893,0,60.0,24.0,0,0.0,19929,4.8
berth,MP-1,MP-1 — Multipurpose Berth 1,Dry Bulk & General,MPT,2024-10,1,41026,0,92.0,5.0,0,100.0,11318,11.7
berth,MP-2,MP-2 — Multipurpose Berth 2,Dry Bulk & General,MPT,2024-10,3,86696,0,97.0,10.7,0,33.3,8034,34.8
berth,MP-3,MP-3 — Multipurpose Berth 3,Dry Bulk & General,MPT,2024-10,1,27894,0,92.0,11.0,0,0.0,8265,10.9
berth,RR-1,RR-1 — Ro-Ro Berth 1,Dry Bulk & General,RRT,2024-10,2,9989,0,39.5,21.0,1,0.0,6479,5.0
berth,SPM-1,SPM-1 — Single Point Mooring 1 (crude),Liquid & Offshore,SPM,2024-10,2,445692,0,73.0,24.5,1,0.0,110274,13.0
berth,WB-1,WB-1 — West Basin Coal Berth 1,Dry Bulk & General,WBC,2024-10,2,285784,0,92.5,12.5,0,50.0,42868,21.5
berth,WB-2,WB-2 — West Basin Coal Berth 2,Dry Bulk & General,WBC,2024-10,3,283084,0,85.0,12.3,0,0.0,31165,29.3
port,REFPT,Reference Port,,,2024-11,29,2282441,111954,54.9,16.2,7,10.3,48909,6.5
zone,BULKGEN,Dry Bulk & General,Dry Bulk & General,,2024-11,7,264864,0,83.0,15.6,1,14.3,13468,9.4
zone,CONTAINER,Container,Container,,2024-11,14,1343448,111954,34.7,13.1,1,14.3,106412,3.5
zone,LIQMAR,Liquid & Offshore,Liquid & Offshore,,2024-11,8,674129,0,65.5,22.4,5,0.0,46896,9.6
terminal,CT1,Container Terminal 1,Container,CT1,2024-11,1,58584,4882,48.0,19.0,0,0.0,48483,2.0
terminal,CT2,Container Terminal 2,Container,CT2,2024-11,1,146388,12199,29.0,7.0,0,0.0,159696,1.5
terminal,CT3,Container Terminal 3,Container,CT3,2024-11,3,221340,18445,34.7,12.0,0,33.3,78120,4.7
terminal,CT4,Container Terminal 4,Container,CT4,2024-11,7,773316,64443,33.7,15.0,1,14.3,141676,4.5
terminal,CT5,Container Terminal 5,Container,CT5,2024-11,2,143820,11985,34.5,8.0,0,0.0,65126,3.7
terminal,LQB,Liquid Terminal,Liquid & Offshore,LQB,2024-11,6,193967,0,65.7,21.5,3,0.0,17567,12.3
terminal,MPT,Multipurpose Terminal,Dry Bulk & General,MPT,2024-11,5,197578,0,92.0,18.2,1,0.0,12851,12.8
terminal,RRT,Ro-Ro Terminal,Dry Bulk & General,RRT,2024-11,1,6995,0,32.0,15.0,0,0.0,9875,2.4
terminal,SPM,SPM Crude,Liquid & Offshore,SPM,2024-11,2,480162,0,65.0,25.0,2,0.0,144049,5.6
terminal,WBC,West Basin Coal Terminal,Dry Bulk & General,WBC,2024-11,1,60291,0,89.0,3.0,0,100.0,16825,6.0
berth,CT1-1,CT1-1 — CT1 Berth 1,Container,CT1,2024-11,1,58584,4882,48.0,19.0,0,0.0,48483,4.0
berth,CT2-1,CT2-1 — CT2 Berth 1,Container,CT2,2024-11,1,146388,12199,29.0,7.0,0,0.0,159696,3.1
berth,CT3-1,CT3-1 — CT3 Berth 1,Container,CT3,2024-11,2,160236,13353,26.5,6.5,0,50.0,96142,5.6
berth,CT3-2,CT3-2 — CT3 Berth 2,Container,CT3,2024-11,1,61104,5092,51.0,23.0,0,0.0,52375,3.9
berth,CT4-1,CT4-1 — CT4 Berth 1,Container,CT4,2024-11,3,391836,32653,36.0,19.3,1,0.0,188081,6.9
berth,CT4-2,CT4-2 — CT4 Berth 2,Container,CT4,2024-11,3,295464,24622,26.7,8.0,0,33.3,126627,7.8
berth,CT4-3,CT4-3 — CT4 Berth 3,Container,CT4,2024-11,1,86016,7168,48.0,23.0,0,0.0,82575,3.5
berth,CT5-1,CT5-1 — CT5 Berth 1,Container,CT5,2024-11,1,47280,3940,32.0,8.0,0,0.0,47280,3.3
berth,CT5-2,CT5-2 — CT5 Berth 2,Container,CT5,2024-11,1,96540,8045,37.0,8.0,0,0.0,79895,4.0
berth,LB-1,LB-1 — Liquid Berth 1,Liquid & Offshore,LQB,2024-11,1,32922,0,44.0,8.0,0,0.0,21948,5.0
berth,LB-2,LB-2 — Liquid Berth 2,Liquid & Offshore,LQB,2024-11,3,96114,0,67.3,26.3,2,0.0,18754,17.1
berth,LB-3,LB-3 — Liquid Berth 3,Liquid & Offshore,LQB,2024-11,2,64931,0,74.0,21.0,1,0.0,14701,14.7
berth,MP-1,MP-1 — Multipurpose Berth 1,Dry Bulk & General,MPT,2024-11,1,48807,0,86.0,20.0,0,0.0,17748,9.2
berth,MP-2,MP-2 — Multipurpose Berth 2,Dry Bulk & General,MPT,2024-11,2,106204,0,94.5,18.5,1,0.0,16769,21.1
berth,MP-3,MP-3 — Multipurpose Berth 3,Dry Bulk & General,MPT,2024-11,2,42567,0,92.5,17.0,0,0.0,6766,21.0
berth,RR-1,RR-1 — Ro-Ro Berth 1,Dry Bulk & General,RRT,2024-11,1,6995,0,32.0,15.0,0,0.0,9875,2.4
berth,SPM-1,SPM-1 — Single Point Mooring 1 (crude),Liquid & Offshore,SPM,2024-11,2,480162,0,65.0,25.0,2,0.0,144049,11.1
berth,WB-1,WB-1 — West Basin Coal Berth 1,Dry Bulk & General,WBC,2024-11,1,60291,0,89.0,3.0,0,100.0,16825,11.9
port,REFPT,Reference Port,,,2024-12,29,2283737,136269,51.8,14.3,4,10.3,50377,6.1
zone,BULKGEN,Dry Bulk & General,Dry Bulk & General,,2024-12,10,568144,0,76.4,11.0,0,20.0,20849,12.6
zone,CONTAINER,Container,Container,,2024-12,17,1635228,136269,36.8,16.4,4,5.9,113099,3.9
zone,LIQMAR,Liquid & Offshore,Liquid & Offshore,,2024-12,2,80365,0,56.5,13.0,0,0.0,22170,2.3
terminal,CT1,Container Terminal 1,Container,CT1,2024-12,4,332988,27749,42.8,19.0,2,0.0,84123,6.4
terminal,CT2,Container Terminal 2,Container,CT2,2024-12,2,205764,17147,34.5,10.5,0,50.0,102882,3.2
terminal,CT3,Container Terminal 3,Container,CT3,2024-12,4,534792,44566,33.0,16.0,1,0.0,188750,4.6
terminal,CT4,Container Terminal 4,Container,CT4,2024-12,6,449868,37489,36.3,16.3,1,0.0,89974,4.0
terminal,CT5,Container Terminal 5,Container,CT5,2024-12,1,111816,9318,35.0,19.0,0,0.0,167724,1.1
terminal,LQB,Liquid Terminal,Liquid & Offshore,LQB,2024-12,2,80365,0,56.5,13.0,0,0.0,22170,3.9
terminal,MPT,Multipurpose Terminal,Dry Bulk & General,MPT,2024-12,5,150972,0,79.8,7.8,0,20.0,10065,12.1
terminal,RRT,Ro-Ro Terminal,Dry Bulk & General,RRT,2024-12,1,4272,0,39.0,17.0,0,0.0,4660,3.0
terminal,WBC,West Basin Coal Terminal,Dry Bulk & General,WBC,2024-12,4,412900,0,81.5,13.5,0,25.0,36432,18.3
berth,CT1-1,CT1-1 — CT1 Berth 1,Container,CT1,2024-12,3,243576,20298,45.0,22.3,2,0.0,85968,9.1
berth,CT1-2,CT1-2 — CT1 Berth 2,Container,CT1,2024-12,1,89412,7451,36.0,9.0,0,0.0,79477,3.6
berth,CT2-1,CT2-1 — CT2 Berth 1,Container,CT2,2024-12,1,126240,10520,45.0,15.0,0,0.0,100992,4.0
berth,CT2-2,CT2-2 — CT2 Berth 2,Container,CT2,2024-12,1,79524,6627,24.0,6.0,0,100.0,106032,2.4
berth,CT3-1,CT3-1 — CT3 Berth 1,Container,CT3,2024-12,2,227316,18943,31.0,13.5,0,0.0,155874,4.7
berth,CT3-2,CT3-2 — CT3 Berth 2,Container,CT3,2024-12,2,307476,25623,35.0,18.5,1,0.0,223619,4.4
berth,CT4-1,CT4-1 — CT4 Berth 1,Container,CT4,2024-12,1,123180,10265,34.0,13.0,0,0.0,140777,2.8
berth,CT4-2,CT4-2 — CT4 Berth 2,Container,CT4,2024-12,3,244488,20374,36.3,19.0,1,0.0,112841,7.0
berth,CT4-3,CT4-3 — CT4 Berth 3,Container,CT4,2024-12,1,33540,2795,40.0,16.0,0,0.0,33540,3.2
berth,CT4-4,CT4-4 — CT4 Berth 4,Container,CT4,2024-12,1,48660,4055,35.0,12.0,0,0.0,50776,3.1
berth,CT5-2,CT5-2 — CT5 Berth 2,Container,CT5,2024-12,1,111816,9318,35.0,19.0,0,0.0,167724,2.2
berth,LB-3,LB-3 — Liquid Berth 3,Liquid & Offshore,LQB,2024-12,2,80365,0,56.5,13.0,0,0.0,22170,11.7
berth,MP-2,MP-2 — Multipurpose Berth 2,Dry Bulk & General,MPT,2024-12,2,68387,0,79.5,8.5,0,50.0,11558,19.1
berth,MP-3,MP-3 — Multipurpose Berth 3,Dry Bulk & General,MPT,2024-12,3,82585,0,80.0,7.3,0,0.0,9092,29.3
berth,RR-1,RR-1 — Ro-Ro Berth 1,Dry Bulk & General,RRT,2024-12,1,4272,0,39.0,17.0,0,0.0,4660,3.0
berth,WB-1,WB-1 — West Basin Coal Berth 1,Dry Bulk & General,WBC,2024-12,2,190150,0,84.0,8.0,0,50.0,30024,20.4
berth,WB-2,WB-2 — West Basin Coal Berth 2,Dry Bulk & General,WBC,2024-12,2,222750,0,79.0,19.0,0,0.0,44550,16.1
port,REFPT,Reference Port,,,2025-01,27,1943211,78193,64.6,17.3,6,11.1,36521,7.2
zone,BULKGEN,Dry Bulk & General,Dry Bulk & General,,2025-01,11,684541,0,91.8,16.8,3,9.1,19914,15.8
zone,CONTAINER,Container,Container,,2025-01,13,938316,78193,40.3,16.5,3,15.4,72879,3.5
zone,LIQMAR,Liquid & Offshore,Liquid & Offshore,,2025-01,3,320354,0,69.7,22.0,0,0.0,53766,3.8
terminal,CT1,Container Terminal 1,Container,CT1,2025-01,2,119508,9959,44.5,27.0,2,0.0,81948,2.4
terminal,CT2,Container Terminal 2,Container,CT2,2025-01,2,125412,10451,32.0,10.5,0,0.0,69997,2.9
terminal,CT3,Container Terminal 3,Container,CT3,2025-01,3,268848,22404,39.3,12.7,1,66.7,80654,5.4
terminal,CT4,Container Terminal 4,Container,CT4,2025-01,2,194748,16229,44.0,21.0,0,0.0,101608,1.5
terminal,CT5,Container Terminal 5,Container,CT5,2025-01,4,229800,19150,41.2,15.0,0,0.0,52526,7.1
terminal,LQB,Liquid Terminal,Liquid & Offshore,LQB,2025-01,2,81753,0,76.0,21.5,0,0.0,18001,4.9
terminal,MPT,Multipurpose Terminal,Dry Bulk & General,MPT,2025-01,8,311752,0,91.5,15.1,1,12.5,12246,20.5
terminal,SPM,SPM Crude,Liquid & Offshore,SPM,2025-01,1,238601,0,57.0,23.0,0,0.0,168424,2.3
terminal,WBC,West Basin Coal Terminal,Dry Bulk & General,WBC,2025-01,3,372789,0,92.7,21.3,2,0.0,41808,14.4
berth,CT1-1,CT1-1 — CT1 Berth 1,Container,CT1,2025-01,1,79836,6653,48.0,27.0,1,0.0,91241,2.8
berth,CT1-2,CT1-2 — CT1 Berth 2,Container,CT1,2025-01,1,39672,3306,41.0,27.0,1,0.0,68009,1.9
berth,CT2-1,CT2-1 — CT2 Berth 1,Container,CT2,2025-01,1,87240,7270,32.0,9.0,0,0.0,91033,3.1
berth,CT2-2,CT2-2 — CT2 Berth 2,Container,CT2,2025-01,1,38172,3181,32.0,12.0,0,0.0,45806,2.7
berth,CT3-1,CT3-1 — CT3 Berth 1,Container,CT3,2025-01,1,103944,8662,54.0,29.0,1,0.0,99786,3.4
berth,CT3-2,CT3-2 — CT3 Berth 2,Container,CT3,2025-01,2,164904,13742,32.0,4.5,0,100.0,71958,7.4
berth,CT4-3,CT4-3 — CT4 Berth 3,Container,CT4,2025-01,2,194748,16229,44.0,21.0,0,0.0,101608,6.2
berth,CT5-1,CT5-1 — CT5 Berth 1,Container,CT5,2025-01,2,148800,12400,51.0,22.0,0,0.0,61572,7.8
berth,CT5-2,CT5-2 — CT5 Berth 2,Container,CT5,2025-01,2,81000,6750,31.5,8.0,0,0.0,41362,6.3
berth,LB-2,LB-2 — Liquid Berth 2,Liquid & Offshore,LQB,2025-01,1,44666,0,75.0,20.0,0,0.0,19491,7.4
berth,LB-3,LB-3 — Liquid Berth 3,Liquid & Offshore,LQB,2025-01,1,37087,0,77.0,23.0,0,0.0,16483,7.3
berth,MP-1,MP-1 — Multipurpose Berth 1,Dry Bulk & General,MPT,2025-01,1,19692,0,102.0,29.0,1,0.0,6474,9.8
berth,MP-2,MP-2 — Multipurpose Berth 2,Dry Bulk & General,MPT,2025-01,2,67308,0,90.0,18.0,0,0.0,11218,19.4
berth,MP-3,MP-3 — Multipurpose Berth 3,Dry Bulk & General,MPT,2025-01,5,224752,0,90.0,11.2,0,20.0,13690,53.0
berth,SPM-1,SPM-1 — Single Point Mooring 1 (crude),Liquid & Offshore,SPM,2025-01,1,238601,0,57.0,23.0,0,0.0,168424,4.6
berth,WB-1,WB-1 — West Basin Coal Berth 1,Dry Bulk & General,WBC,2025-01,2,302349,0,101.5,28.0,2,0.0,49363,19.8
berth,WB-2,WB-2 — West Basin Coal Berth 2,Dry Bulk & General,WBC,2025-01,1,70440,0,75.0,8.0,0,0.0,25232,9.0
port,REFPT,Reference Port,,,2025-02,30,2409214,92253,54.1,15.5,6,20.0,49975,7.2
zone,BULKGEN,Dry Bulk & General,Dry Bulk & General,,2025-02,10,450392,0,77.7,20.3,4,10.0,18832,12.2
zone,CONTAINER,Container,Container,,2025-02,12,1107036,92253,31.8,11.5,0,33.3,109337,3.0
zone,LIQMAR,Liquid & Offshore,Liquid & Offshore,,2025-02,8,851786,0,58.1,15.6,2,12.5,60126,10.1
terminal,CT1,Container Terminal 1,Container,CT1,2025-02,3,289836,24153,31.3,8.3,0,66.7,100813,5.1
terminal,CT2,Container Terminal 2,Container,CT2,2025-02,3,307644,25637,25.3,7.7,0,33.3,139310,3.9
terminal,CT3,Container Terminal 3,Container,CT3,2025-02,2,133080,11090,37.0,18.0,0,0.0,84051,2.8
terminal,CT4,Container Terminal 4,Container,CT4,2025-02,3,197568,16464,35.0,13.7,0,33.3,74088,2.4
terminal,CT5,Container Terminal 5,Container,CT5,2025-02,1,178908,14909,32.0,13.0,0,0.0,225989,1.4
terminal,LQB,Liquid Terminal,Liquid & Offshore,LQB,2025-02,5,178803,0,56.0,16.4,2,0.0,21673,9.8
terminal,MPT,Multipurpose Terminal,Dry Bulk & General,MPT,2025-02,4,111008,0,91.8,20.5,2,0.0,9348,10.6
terminal,RRT,Ro-Ro Terminal,Dry Bulk & General,RRT,2025-02,3,16022,0,48.3,26.7,2,0.0,5916,9.7
terminal,SPM,SPM Crude,Liquid & Offshore,SPM,2025-02,3,672983,0,61.7,14.3,0,33.3,113744,10.6
terminal,WBC,West Basin Coal Terminal,Dry Bulk & General,WBC,2025-02,3,323362,0,88.3,13.7,0,33.3,34646,16.7
berth,CT1-1,CT1-1 — CT1 Berth 1,Container,CT1,2025-02,1,61476,5123,28.0,3.0,0,100.0,59017,3.7
berth,CT1-2,CT1-2 — CT1 Berth 2,Container,CT1,2025-02,2,228360,19030,33.0,11.0,0,50.0,124560,6.5
berth,CT2-1,CT2-1 — CT2 Berth 1,Container,CT2,2025-02,3,307644,25637,25.3,7.7,0,33.3,139310,7.9
berth,CT3-1,CT3-1 — CT3 Berth 1,Container,CT3,2025-02,1,71436,5953,29.0,12.0,0,0.0,100851,2.5
berth,CT3-2,CT3-2 — CT3 Berth 2,Container,CT3,2025-02,1,61644,5137,45.0,24.0,0,0.0,70450,3.1
berth,CT4-3,CT4-3 — CT4 Berth 3,Container,CT4,2025-02,1,50844,4237,18.0,4.0,0,100.0,87161,2.1
berth,CT4-4,CT4-4 — CT4 Berth 4,Container,CT4,2025-02,2,146724,12227,43.5,18.5,0,0.0,70428,7.4
berth,CT5-1,CT5-1 — CT5 Berth 1,Container,CT5,2025-02,1,178908,14909,32.0,13.0,0,0.0,225989,2.8
berth,LB-2,LB-2 — Liquid Berth 2,Liquid & Offshore,LQB,2025-02,1,45236,0,77.0,29.0,1,0.0,22618,7.1
berth,LB-3,LB-3 — Liquid Berth 3,Liquid & Offshore,LQB,2025-02,4,133567,0,50.8,13.2,1,0.0,21371,22.3
berth,MP-2,MP-2 — Multipurpose Berth 2,Dry Bulk & General,MPT,2025-02,3,92132,0,99.3,24.0,2,0.0,9784,33.6
berth,MP-3,MP-3 — Multipurpose Berth 3,Dry Bulk & General,MPT,2025-02,1,18876,0,69.0,10.0,0,0.0,7678,8.8
berth,RR-1,RR-1 — Ro-Ro Berth 1,Dry Bulk & General,RRT,2025-02,3,16022,0,48.3,26.7,2,0.0,5916,9.7
berth,SPM-1,SPM-1 — Single Point Mooring 1 (crude),Liquid & Offshore,SPM,2025-02,3,672983,0,61.7,14.3,0,33.3,113744,21.1
berth,WB-1,WB-1 — West Basin Coal Berth 1,Dry Bulk & General,WBC,2025-02,1,142293,0,104.0,15.0,0,0.0,38371,13.2
berth,WB-2,WB-2 — West Basin Coal Berth 2,Dry Bulk & General,WBC,2025-02,2,181069,0,80.5,13.0,0,50.0,32190,20.1
port,REFPT,Reference Port,,,2025-03,26,2305348,123630,54.5,17.3,7,11.5,57216,5.4
zone,BULKGEN,Dry Bulk & General,Dry Bulk & General,,2025-03,7,403184,0,82.1,15.0,1,14.3,20588,9.0
zone,CONTAINER,Container,Container,,2025-03,17,1483560,123630,42.4,19.1,6,5.9,90140,4.4
zone,LIQMAR,Liquid & Offshore,Liquid & Offshore,,2025-03,2,418604,0,61.5,10.5,0,50.0,98495,2.7
terminal,CT1,Container Terminal 1,Container,CT1,2025-03,1,51012,4251,30.0,14.0,0,0.0,76518,1.1
terminal,CT2,Container Terminal 2,Container,CT2,2025-03,4,340344,28362,38.0,16.0,1,0.0,92821,5.9
terminal,CT3,Container Terminal 3,Container,CT3,2025-03,4,412296,34358,44.2,17.5,2,25.0,92478,7.2
terminal,CT4,Container Terminal 4,Container,CT4,2025-03,6,535200,44600,48.5,24.8,3,0.0,90456,4.8
terminal,CT5,Container Terminal 5,Container,CT5,2025-03,2,144708,12059,35.0,14.0,0,0.0,82690,2.8
terminal,MPT,Multipurpose Terminal,Dry Bulk & General,MPT,2025-03,3,94872,0,100.7,11.7,0,33.3,8528,9.0
terminal,RRT,Ro-Ro Terminal,Dry Bulk & General,RRT,2025-03,2,7563,0,34.5,15.0,0,0.0,4654,5.2
terminal,SPM,SPM Crude,Liquid & Offshore,SPM,2025-03,2,418604,0,61.5,10.5,0,50.0,98495,6.9
terminal,WBC,West Basin Coal Terminal,Dry Bulk & General,WBC,2025-03,2,300749,0,102.0,20.0,1,0.0,44012,11.0
berth,CT1-2,CT1-2 — CT1 Berth 2,Container,CT1,2025-03,1,51012,4251,30.0,14.0,0,0.0,76518,2.2
berth,CT2-1,CT2-1 — CT2 Berth 1,Container,CT2,2025-03,1,109992,9166,34.0,7.0,0,0.0,97771,3.6
berth,CT2-2,CT2-2 — CT2 Berth 2,Container,CT2,2025-03,3,230352,19196,39.3,19.0,1,0.0,90630,8.2
berth,CT3-1,CT3-1 — CT3 Berth 1,Container,CT3,2025-03,1,147420,12285,37.0,10.0,0,0.0,131040,3.6
berth,CT3-2,CT3-2 — CT3 Berth 2,Container,CT3,2025-03,3,264876,22073,46.7,20.0,2,33.3,79463,10.8
berth,CT4-1,CT4-1 — CT4 Berth 1,Container,CT4,2025-03,1,52044,4337,51.0,24.0,0,0.0,46261,3.6
berth,CT4-2,CT4-2 — CT4 Berth 2,Container,CT4,2025-03,4,430740,35895,47.5,24.0,2,0.0,109976,12.6
berth,CT4-4,CT4-4 — CT4 Berth 4,Container,CT4,2025-03,1,52416,4368,50.0,29.0,1,0.0,59904,2.8
berth,CT5-1,CT5-1 — CT5 Berth 1,Container,CT5,2025-03,1,102624,8552,30.0,7.0,0,0.0,107086,3.1
berth,CT5-2,CT5-2 — CT5 Berth 2,Container,CT5,2025-03,1,42084,3507,40.0,21.0,0,0.0,53159,2.6
berth,MP-1,MP-1 — Multipurpose Berth 1,Dry Bulk & General,MPT,2025-03,2,48410,0,105.0,9.0,0,50.0,6051,25.8
berth,MP-2,MP-2 — Multipurpose Berth 2,Dry Bulk & General,MPT,2025-03,1,46462,0,92.0,17.0,0,0.0,14868,10.1
berth,RR-1,RR-1 — Ro-Ro Berth 1,Dry Bulk & General,RRT,2025-03,2,7563,0,34.5,15.0,0,0.0,4654,5.2
berth,SPM-1,SPM-1 — Single Point Mooring 1 (crude),Liquid & Offshore,SPM,2025-03,2,418604,0,61.5,10.5,0,50.0,98495,13.7
berth,WB-1,WB-1 — West Basin Coal Berth 1,Dry Bulk & General,WBC,2025-03,1,145093,0,108.0,28.0,1,0.0,43528,10.8
berth,WB-2,WB-2 — West Basin Coal Berth 2,Dry Bulk & General,WBC,2025-03,1,155656,0,96.0,12.0,0,0.0,44473,11.3
port,REFPT,Reference Port,,,2025-04,30,2628169,156649,60.5,17.3,6,13.3,48745,7.5
zone,BULKGEN,Dry Bulk & General,Dry Bulk & General,,2025-04,9,471428,0,102.3,17.2,2,22.2,14771,15.2
zone,CONTAINER,Container,Container,,2025-04,18,1879788,156649,39.4,16.8,2,11.1,110847,4.7
zone,LIQMAR,Liquid & Offshore,Liquid & Offshore,,2025-04,3,276953,0,61.3,21.0,2,0.0,54933,3.4
terminal,CT1,Container Terminal 1,Container,CT1,2025-04,5,569376,47448,35.2,13.6,0,20.0,126528,7.5
terminal,CT2,Container Terminal 2,Container,CT2,2025-04,3,257748,21479,49.0,23.3,1,0.0,80337,5.3
terminal,CT3,Container Terminal 3,Container,CT3,2025-04,3,370452,30871,29.7,8.7,0,33.3,141125,4.4
terminal,CT4,Container Terminal 4,Container,CT4,2025-04,4,431628,35969,39.2,18.2,1,0.0,123322,2.9
terminal,CT5,Container Terminal 5,Container,CT5,2025-04,3,250584,20882,46.7,21.7,0,0.0,80187,5.2
terminal,LQB,Liquid Terminal,Liquid & Offshore,LQB,2025-04,2,87393,0,60.0,19.0,1,0.0,25578,3.8
terminal,MPT,Multipurpose Terminal,Dry Bulk & General,MPT,2025-04,5,180905,0,115.2,18.8,1,20.0,9008,16.7
terminal,RRT,Ro-Ro Terminal,Dry Bulk & General,RRT,2025-04,1,6563,0,22.0,5.0,0,100.0,9265,2.4
terminal,SPM,SPM Crude,Liquid & Offshore,SPM,2025-04,1,189560,0,64.0,25.0,1,0.0,116652,2.7
terminal,WBC,West Basin Coal Terminal,Dry Bulk & General,WBC,2025-04,3,283960,0,107.7,18.7,1,0.0,25524,18.5
berth,CT1-1,CT1-1 — CT1 Berth 1,Container,CT1,2025-04,3,358752,29896,39.0,16.7,0,0.0,128508,9.3
berth,CT1-2,CT1-2 — CT1 Berth 2,Container,CT1,2025-04,2,210624,17552,29.5,9.0,0,50.0,123292,5.7
berth,CT2-1,CT2-1 — CT2 Berth 1,Container,CT2,2025-04,1,85308,7109,53.0,23.0,0,0.0,68246,4.2
berth,CT2-2,CT2-2 — CT2 Berth 2,Container,CT2,2025-04,2,172440,14370,47.0,23.5,1,0.0,88054,6.5
berth,CT3-1,CT3-1 — CT3 Berth 1,Container,CT3,2025-04,1,84900,7075,24.0,4.0,0,100.0,101880,2.8
berth,CT3-2,CT3-2 — CT3 Berth 2,Container,CT3,2025-04,2,285552,23796,32.5,11.0,0,0.0,159378,6.0
berth,CT4-1,CT4-1 — CT4 Berth 1,Container,CT4,2025-04,1,54624,4552,37.0,21.0,0,0.0,81936,2.2
berth,CT4-2,CT4-2 — CT4 Berth 2,Container,CT4,2025-04,2,272880,22740,44.0,18.0,1,0.0,125945,7.2
berth,CT4-4,CT4-4 — CT4 Berth 4,Container,CT4,2025-04,1,104124,8677,32.0,16.0,0,0.0,156186,2.2
berth,CT5-1,CT5-1 — CT5 Berth 1,Container,CT5,2025-04,3,250584,20882,46.7,21.7,0,0.0,80187,10.4
berth,LB-1,LB-1 — Liquid Berth 1,Liquid & Offshore,LQB,2025-04,1,44908,0,82.0,30.0,1,0.0,20727,7.2
berth,LB-2,LB-2 — Liquid Berth 2,Liquid & Offshore,LQB,2025-04,1,42485,0,38.0,8.0,0,0.0,33988,4.2
berth,MP-1,MP-1 — Multipurpose Berth 1,Dry Bulk & General,MPT,2025-04,2,43232,0,123.5,21.0,0,0.0,5061,28.5
berth,MP-2,MP-2 — Multipurpose Berth 2,Dry Bulk & General,MPT,2025-04,2,99740,0,100.0,15.5,1,50.0,14164,23.5
berth,MP-3,MP-3 — Multipurpose Berth 3,Dry Bulk & General,MPT,2025-04,1,37933,0,129.0,21.0,0,0.0,8430,15.0
berth,RR-1,RR-1 — Ro-Ro Berth 1,Dry Bulk & General,RRT,2025-04,1,6563,0,22.0,5.0,0,100.0,9265,2.4
berth,SPM-1,SPM-1 — Single Point Mooring 1 (crude),Liquid & Offshore,SPM,2025-04,1,189560,0,64.0,25.0,1,0.0,116652,5.4
berth,WB-1,WB-1 — West Basin Coal Berth 1,Dry Bulk & General,WBC,2025-04,2,212104,0,99.0,13.0,0,0.0,29596,23.9
berth,WB-2,WB-2 — West Basin Coal Berth 2,Dry Bulk & General,WBC,2025-04,1,71856,0,125.0,30.0,1,0.0,18153,13.2
port,REFPT,Reference Port,,,2025-05,31,3020539,133634,57.0,15.1,6,9.7,55893,7.3
zone,BULKGEN,Dry Bulk & General,Dry Bulk & General,,2025-05,8,516564,0,88.4,14.6,1,25.0,21013,11.3
zone,CONTAINER,Container,Container,,2025-05,16,1603608,133634,37.2,14.1,3,6.2,104018,4.1
zone,LIQMAR,Liquid & Offshore,Liquid & Offshore,,2025-05,7,900367,0,66.3,18.1,2,0.0,64121,9.1
terminal,CT1,Container Terminal 1,Container,CT1,2025-05,3,359052,29921,39.3,16.0,1,0.0,123104,4.7
terminal,CT2,Container Terminal 2,Container,CT2,2025-05,4,430236,35853,33.0,13.5,1,25.0,132380,5.2
terminal,CT3,Container Terminal 3,Container,CT3,2025-05,1,43404,3617,33.0,11.0,0,0.0,47350,1.5
terminal,CT4,Container Terminal 4,Container,CT4,2025-05,7,666876,55573,39.9,14.7,1,0.0,90938,5.9
terminal,CT5,Container Terminal 5,Container,CT5,2025-05,1,104040,8670,33.0,9.0,0,0.0,104040,1.6
terminal,LQB,Liquid Terminal,Liquid & Offshore,LQB,2025-05,3,100101,0,70.7,18.7,1,0.0,15400,7.0
terminal,MPT,Multipurpose Terminal,Dry Bulk & General,MPT,2025-05,3,85002,0,105.3,13.3,0,33.3,7391,9.3
terminal,RRT,Ro-Ro Terminal,Dry Bulk & General,RRT,2025-05,2,10606,0,36.0,16.5,1,50.0,6527,5.2
terminal,SPM,SPM Crude,Liquid & Offshore,SPM,2025-05,4,800266,0,63.0,17.8,1,0.0,106113,12.2
terminal,WBC,West Basin Coal Terminal,Dry Bulk & General,WBC,2025-05,3,420956,0,106.3,14.7,0,0.0,36738,18.5
berth,CT1-1,CT1-1 — CT1 Berth 1,Container,CT1,2025-05,1,129336,10778,39.0,10.0,0,0.0,107037,3.9
berth,CT1-2,CT1-2 — CT1 Berth 2,Container,CT1,2025-05,2,229716,19143,39.5,19.0,1,0.0,134468,5.5
berth,CT2-1,CT2-1 — CT2 Berth 1,Container,CT2,2025-05,3,362640,30220,24.3,8.0,0,33.3,177620,6.6
berth,CT2-2,CT2-2 — CT2 Berth 2,Container,CT2,2025-05,1,67596,5633,59.0,30.0,1,0.0,55942,3.9
berth,CT3-1,CT3-1 — CT3 Berth 1,Container,CT3,2025-05,1,43404,3617,33.0,11.0,0,0.0,47350,3.0
berth,CT4-1,CT4-1 — CT4 Berth 1,Container,CT4,2025-05,3,375924,31327,40.0,15.7,1,0.0,123591,9.8
berth,CT4-2,CT4-2 — CT4 Berth 2,Container,CT4,2025-05,2,137772,11481,42.0,19.0,0,0.0,71881,6.2
berth,CT4-3,CT4-3 — CT4 Berth 3,Container,CT4,2025-05,1,50796,4233,38.0,9.0,0,0.0,42038,3.9
berth,CT4-4,CT4-4 — CT4 Berth 4,Container,CT4,2025-05,1,102384,8532,37.0,9.0,0,0.0,87758,3.8
berth,CT5-1,CT5-1 — CT5 Berth 1,Container,CT5,2025-05,1,104040,8670,33.0,9.0,0,0.0,104040,3.2
berth,LB-1,LB-1 — Liquid Berth 1,Liquid & Offshore,LQB,2025-05,1,32185,0,80.0,25.0,1,0.0,14044,7.4
berth,LB-2,LB-2 — Liquid Berth 2,Liquid & Offshore,LQB,2025-05,1,38462,0,72.0,24.0,0,0.0,19231,6.5
berth,LB-3,LB-3 — Liquid Berth 3,Liquid & Offshore,LQB,2025-05,1,29454,0,60.0,7.0,0,0.0,13338,7.1
berth,MP-2,MP-2 — Multipurpose Berth 2,Dry Bulk & General,MPT,2025-05,1,31392,0,115.0,13.0,0,0.0,7386,13.7
berth,MP-3,MP-3 — Multipurpose Berth 3,Dry Bulk & General,MPT,2025-05,2,53610,0,100.5,13.5,0,50.0,7394,23.4
berth,RR-1,RR-1 — Ro-Ro Berth 1,Dry Bulk & General,RRT,2025-05,2,10606,0,36.0,16.5,1,50.0,6527,5.2
berth,SPM-1,SPM-1 — Single Point Mooring 1 (crude),Liquid & Offshore,SPM,2025-05,4,800266,0,63.0,17.8,1,0.0,106113,24.3
berth,WB-1,WB-1 — West Basin Coal Berth 1,Dry Bulk & General,WBC,2025-05,1,146391,0,129.0,19.0,0,0.0,31940,14.8
berth,WB-2,WB-2 — West Basin Coal Berth 2,Dry Bulk & General,WBC,2025-05,2,274565,0,95.0,12.5,0,0.0,39937,22.2
port,REFPT,Reference Port,,,2025-06,28,2338243,104641,66.4,19.9,9,3.6,43101,7.5
zone,BULKGEN,Dry Bulk & General,Dry Bulk & General,,2025-06,9,450289,0,109.2,22.6,4,0.0,13855,15.5
zone,CONTAINER,Container,Container,,2025-06,13,1255692,104641,37.7,17.5,2,7.7,114588,3.0
zone,LIQMAR,Liquid & Offshore,Liquid & Offshore,,2025-06,6,632262,0,64.2,21.0,3,0.0,58588,7.2
terminal,CT1,Container Terminal 1,Container,CT1,2025-06,1,51120,4260,26.0,9.0,0,0.0,72169,1.2
terminal,CT2,Container Terminal 2,Container,CT2,2025-06,1,97116,8093,22.0,6.0,0,100.0,145674,1.1
terminal,CT3,Container Terminal 3,Container,CT3,2025-06,4,541596,45133,45.2,21.0,1,0.0,134003,6.7
terminal,CT4,Container Terminal 4,Container,CT4,2025-06,7,565860,47155,37.3,18.3,1,0.0,102110,4.6
terminal,LQB,Liquid Terminal,Liquid & Offshore,LQB,2025-06,4,143593,0,64.0,20.5,2,0.0,19806,8.1
terminal,MPT,Multipurpose Terminal,Dry Bulk & General,MPT,2025-06,7,174079,0,111.0,22.1,4,0.0,6717,21.6
terminal,SPM,SPM Crude,Liquid & Offshore,SPM,2025-06,2,488669,0,64.5,22.0,1,0.0,137977,5.9
terminal,WBC,West Basin Coal Terminal,Dry Bulk & General,WBC,2025-06,2,276210,0,103.0,24.0,0,0.0,41956,11.0
berth,CT1-2,CT1-2 — CT1 Berth 2,Container,CT1,2025-06,1,51120,4260,26.0,9.0,0,0.0,72169,2.4
berth,CT2-2,CT2-2 — CT2 Berth 2,Container,CT2,2025-06,1,97116,8093,22.0,6.0,0,100.0,145674,2.2
berth,CT3-1,CT3-1 — CT3 Berth 1,Container,CT3,2025-06,4,541596,45133,45.2,21.0,1,0.0,134003,13.5
berth,CT4-2,CT4-2 — CT4 Berth 2,Container,CT4,2025-06,3,204084,17007,42.0,19.0,0,0.0,70986,9.6
berth,CT4-3,CT4-3 — CT4 Berth 3,Container,CT4,2025-06,4,361776,30148,33.8,17.8,1,0.0,135666,8.9
berth,LB-1,LB-1 — Liquid Berth 1,Liquid & Offshore,LQB,2025-06,1,25251,0,62.0,11.0,0,0.0,11883,7.1
berth,LB-2,LB-2 — Liquid Berth 2,Liquid & Offshore,LQB,2025-06,1,44184,0,69.0,27.0,1,0.0,25248,5.8
berth,LB-3,LB-3 — Liquid Berth 3,Liquid & Offshore,LQB,2025-06,2,74158,0,62.5,22.0,1,0.0,21973,11.2
berth,MP-1,MP-1 — Multipurpose Berth 1,Dry Bulk & General,MPT,2025-06,4,104366,0,105.0,20.5,2,0.0,7411,46.9
berth,MP-3,MP-3 — Multipurpose Berth 3,Dry Bulk & General,MPT,2025-06,3,69713,0,119.0,24.3,2,0.0,5891,39.4
berth,SPM-1,SPM-1 — Single Point Mooring 1 (crude),Liquid & Offshore,SPM,2025-06,2,488669,0,64.5,22.0,1,0.0,137977,11.8
berth,WB-1,WB-1 — West Basin Coal Berth 1,Dry Bulk & General,WBC,2025-06,1,141571,0,96.0,24.0,0,0.0,47190,10.0
berth,WB-2,WB-2 — West Basin Coal Berth 2,Dry Bulk & General,WBC,2025-06,1,134639,0,110.0,24.0,0,0.0,37574,11.9
port,REFPT,Reference Port,,,2025-07,31,2627608,130242,49.3,15.3,7,29.0,59775,5.9
zone,BULKGEN,Dry Bulk & General,Dry Bulk & General,,2025-07,8,304768,0,68.8,11.8,1,37.5,16040,8.8
zone,CONTAINER,Container,Container,,2025-07,18,1562904,130242,39.3,18.3,5,16.7,99232,4.2
zone,LIQMAR,Liquid & Offshore,Liquid & Offshore,,2025-07,5,759936,0,54.0,9.8,1,60.0,82527,5.9
terminal,CT1,Container Terminal 1,Container,CT1,2025-07,6,526464,43872,38.0,15.8,1,16.7,95001,8.9
terminal,CT2,Container Terminal 2,Container,CT2,2025-07,4,315624,26302,35.5,15.8,1,25.0,95886,5.3
terminal,CT3,Container Terminal 3,Container,CT3,2025-07,3,304596,25383,45.0,24.7,1,0.0,119841,4.1
terminal,CT4,Container Terminal 4,Container,CT4,2025-07,3,229596,19133,36.7,17.7,1,33.3,96672,1.9
terminal,CT5,Container Terminal 5,Container,CT5,2025-07,2,186624,15552,46.5,22.5,1,0.0,93312,3.2
terminal,LQB,Liquid Terminal,Liquid & Offshore,LQB,2025-07,2,69892,0,52.5,4.5,0,100.0,17473,4.3
terminal,MPT,Multipurpose Terminal,Dry Bulk & General,MPT,2025-07,3,149601,0,108.3,7.7,0,33.3,11889,10.1
terminal,RRT,Ro-Ro Terminal,Dry Bulk & General,RRT,2025-07,4,17644,0,32.5,13.2,1,50.0,5499,10.3
terminal,SPM,SPM Crude,Liquid & Offshore,SPM,2025-07,3,690044,0,55.0,13.3,1,33.3,132488,8.4
terminal,WBC,West Basin Coal Terminal,Dry Bulk & General,WBC,2025-07,1,137523,0,95.0,18.0,0,0.0,42864,5.2
berth,CT1-1,CT1-1 — CT1 Berth 1,Container,CT1,2025-07,2,136668,11389,38.5,15.5,0,0.0,71305,6.2
berth,CT1-2,CT1-2 — CT1 Berth 2,Container,CT1,2025-07,4,389796,32483,37.8,16.0,1,25.0,107530,11.7
berth,CT2-1,CT2-1 — CT2 Berth 1,Container,CT2,2025-07,1,59436,4953,42.0,28.0,1,0.0,101890,1.9
berth,CT2-2,CT2-2 — CT2 Berth 2,Container,CT2,2025-07,3,256188,21349,33.3,11.7,0,33.3,94592,8.7
berth,CT3-1,CT3-1 — CT3 Berth 1,Container,CT3,2025-07,3,304596,25383,45.0,24.7,1,0.0,119841,8.2
berth,CT4-1,CT4-1 — CT4 Berth 1,Container,CT4,2025-07,2,142716,11893,30.0,12.0,0,50.0,95144,4.8
berth,CT4-4,CT4-4 — CT4 Berth 4,Container,CT4,2025-07,1,86880,7240,50.0,29.0,1,0.0,99291,2.8
berth,CT5-1,CT5-1 — CT5 Berth 1,Container,CT5,2025-07,1,63408,5284,47.0,28.0,1,0.0,80094,2.6
berth,CT5-2,CT5-2 — CT5 Berth 2,Container,CT5,2025-07,1,123216,10268,46.0,17.0,0,0.0,101972,3.9
berth,LB-1,LB-1 — Liquid Berth 1,Liquid & Offshore,LQB,2025-07,1,29692,0,58.0,5.0,0,100.0,13445,7.1
berth,LB-3,LB-3 — Liquid Berth 3,Liquid & Offshore,LQB,2025-07,1,40200,0,47.0,4.0,0,100.0,22437,5.8
berth,MP-1,MP-1 — Multipurpose Berth 1,Dry Bulk & General,MPT,2025-07,1,51203,0,99.0,7.0,0,0.0,13357,12.4
berth,MP-2,MP-2 — Multipurpose Berth 2,Dry Bulk & General,MPT,2025-07,2,98398,0,113.0,8.0,0,50.0,11245,28.2
berth,RR-1,RR-1 — Ro-Ro Berth 1,Dry Bulk & General,RRT,2025-07,4,17644,0,32.5,13.2,1,50.0,5499,10.3
berth,SPM-1,SPM-1 — Single Point Mooring 1 (crude),Liquid & Offshore,SPM,2025-07,3,690044,0,55.0,13.3,1,33.3,132488,16.8
berth,WB-2,WB-2 — West Basin Coal Berth 2,Dry Bulk & General,WBC,2025-07,1,137523,0,95.0,18.0,0,0.0,42864,10.3
port,REFPT,Reference Port,,,2025-08,26,2469561,134698,49.7,15.5,5,23.1,66745,5.0
zone,BULKGEN,Dry Bulk & General,Dry Bulk & General,,2025-08,6,111024,0,81.8,15.2,1,16.7,6661,7.7
zone,CONTAINER,Container,Container,,2025-08,16,1616376,134698,34.8,14.2,2,31.2,117912,3.7
zone,LIQMAR,Liquid & Offshore,Liquid & Offshore,,2025-08,4,742161,0,61.0,21.2,2,0.0,112024,4.3
terminal,CT1,Container Terminal 1,Container,CT1,2025-08,3,288036,24003,27.7,11.7,0,33.3,144018,3.2
terminal,CT2,Container Terminal 2,Container,CT2,2025-08,3,271860,22655,40.7,13.0,1,66.7,78610,5.6
terminal,CT3,Container Terminal 3,Container,CT3,2025-08,3,212820,17735,41.3,19.7,1,0.0,78580,4.4
terminal,CT4,Container Terminal 4,Container,CT4,2025-08,5,562392,46866,30.0,13.0,0,40.0,158793,2.9
terminal,CT5,Container Terminal 5,Container,CT5,2025-08,2,281268,23439,38.5,14.5,0,0.0,140634,3.2
terminal,LQB,Liquid Terminal,Liquid & Offshore,LQB,2025-08,1,45280,0,79.0,28.0,1,0.0,21308,2.3
terminal,MPT,Multipurpose Terminal,Dry Bulk & General,MPT,2025-08,4,102786,0,103.8,13.8,1,25.0,6852,12.1
terminal,RRT,Ro-Ro Terminal,Dry Bulk & General,RRT,2025-08,2,8238,0,38.0,18.0,0,0.0,4943,5.4
terminal,SPM,SPM Crude,Liquid & Offshore,SPM,2025-08,3,696881,0,55.0,19.0,1,0.0,154862,7.3
berth,CT1-1,CT1-1 — CT1 Berth 1,Container,CT1,2025-08,1,149016,12418,37.0,22.0,0,0.0,238426,2.0
berth,CT1-2,CT1-2 — CT1 Berth 2,Container,CT1,2025-08,2,139020,11585,23.0,6.5,0,50.0,101105,4.4
berth,CT2-1,CT2-1 — CT2 Berth 1,Container,CT2,2025-08,1,69804,5817,56.0,30.0,1,0.0,64434,3.5
berth,CT2-2,CT2-2 — CT2 Berth 2,Container,CT2,2025-08,2,202056,16838,33.0,4.5,0,100.0,85076,7.7
berth,CT3-1,CT3-1 — CT3 Berth 1,Container,CT3,2025-08,2,163584,13632,40.5,16.5,0,0.0,81792,6.5
berth,CT3-2,CT3-2 — CT3 Berth 2,Container,CT3,2025-08,1,49236,4103,43.0,26.0,1,0.0,69510,2.3
berth,CT4-1,CT4-1 — CT4 Berth 1,Container,CT4,2025-08,2,197604,16467,32.5,13.0,0,50.0,121602,5.2
berth,CT4-2,CT4-2 — CT4 Berth 2,Container,CT4,2025-08,2,284616,23718,23.5,9.0,0,50.0,235544,3.9
berth,CT4-3,CT4-3 — CT4 Berth 3,Container,CT4,2025-08,1,80172,6681,38.0,21.0,0,0.0,113184,2.3
berth,CT5-1,CT5-1 — CT5 Berth 1,Container,CT5,2025-08,2,281268,23439,38.5,14.5,0,0.0,140634,6.5
berth,LB-3,LB-3 — Liquid Berth 3,Liquid & Offshore,LQB,2025-08,1,45280,0,79.0,28.0,1,0.0,21308,6.9
berth,MP-1,MP-1 — Multipurpose Berth 1,Dry Bulk & General,MPT,2025-08,1,22236,0,102.0,8.0,0,0.0,5677,12.6
berth,MP-2,MP-2 — Multipurpose Berth 2,Dry Bulk & General,MPT,2025-08,1,12839,0,85.0,19.0,0,0.0,4669,8.9
berth,MP-3,MP-3 — Multipurpose Berth 3,Dry Bulk & General,MPT,2025-08,2,67711,0,114.0,14.0,1,50.0,8125,26.9
berth,RR-1,RR-1 — Ro-Ro Berth 1,Dry Bulk & General,RRT,2025-08,2,8238,0,38.0,18.0,0,0.0,4943,5.4
berth,SPM-1,SPM-1 — Single Point Mooring 1 (crude),Liquid & Offshore,SPM,2025-08,3,696881,0,55.0,19.0,1,0.0,154862,14.5
port,REFPT,Reference Port,,,2025-09,27,1950353,62663,68.4,18.3,10,14.8,34545,7.8
zone,BULKGEN,Dry Bulk & General,Dry Bulk & General,,2025-09,8,351205,0,107.8,17.6,4,25.0,11691,14.3
zone,CONTAINER,Container,Container,,2025-09,11,751956,62663,39.9,17.4,2,9.1,72770,2.9
zone,LIQMAR,Liquid & Offshore,Liquid & Offshore,,2025-09,8,847192,0,68.4,20.1,4,12.5,52675,10.7
terminal,CT1,Container Terminal 1,Container,CT1,2025-09,2,140232,11686,40.5,19.0,1,0.0,78269,3.0
terminal,CT2,Container Terminal 2,Container,CT2,2025-09,4,198468,16539,41.5,17.2,0,0.0,49105,6.7
terminal,CT3,Container Terminal 3,Container,CT3,2025-09,1,42192,3516,21.0,4.0,0,100.0,59565,1.2
terminal,CT4,Container Terminal 4,Container,CT4,2025-09,3,250632,20886,42.7,21.7,1,0.0,95479,2.2
terminal,CT5,Container Terminal 5,Container,CT5,2025-09,1,120432,10036,43.0,15.0,0,0.0,103227,1.9
terminal,LQB,Liquid Terminal,Liquid & Offshore,LQB,2025-09,5,173282,0,73.6,26.2,4,0.0,17548,11.0
terminal,MPT,Multipurpose Terminal,Dry Bulk & General,MPT,2025-09,6,215327,0,104.7,18.7,3,16.7,10015,17.9
terminal,SPM,SPM Crude,Liquid & Offshore,SPM,2025-09,3,673910,0,59.7,10.0,0,33.3,108549,10.3
terminal,WBC,West Basin Coal Terminal,Dry Bulk & General,WBC,2025-09,2,135878,0,117.0,14.5,1,50.0,15908,14.2
berth,CT1-1,CT1-1 — CT1 Berth 1,Container,CT1,2025-09,1,63528,5294,45.0,26.0,1,0.0,80246,2.6
berth,CT1-2,CT1-2 — CT1 Berth 2,Container,CT1,2025-09,1,76704,6392,36.0,12.0,0,0.0,76704,3.3
berth,CT2-1,CT2-1 — CT2 Berth 1,Container,CT2,2025-09,2,77856,6488,42.5,16.5,0,0.0,35934,7.2
berth,CT2-2,CT2-2 — CT2 Berth 2,Container,CT2,2025-09,2,120612,10051,40.5,18.0,0,0.0,64326,6.2
berth,CT3-2,CT3-2 — CT3 Berth 2,Container,CT3,2025-09,1,42192,3516,21.0,4.0,0,100.0,59565,2.4
berth,CT4-1,CT4-1 — CT4 Berth 1,Container,CT4,2025-09,2,197868,16489,37.5,19.5,0,0.0,131912,5.0
berth,CT4-4,CT4-4 — CT4 Berth 4,Container,CT4,2025-09,1,52764,4397,53.0,26.0,1,0.0,46901,3.8
berth,CT5-1,CT5-1 — CT5 Berth 1,Container,CT5,2025-09,1,120432,10036,43.0,15.0,0,0.0,103227,3.9
berth,LB-1,LB-1 — Liquid Berth 1,Liquid & Offshore,LQB,2025-09,2,60375,0,76.5,27.5,2,0.0,14786,13.6
berth,LB-2,LB-2 — Liquid Berth 2,Liquid & Offshore,LQB,2025-09,2,75121,0,77.0,25.0,1,0.0,17336,14.4
berth,LB-3,LB-3 — Liquid Berth 3,Liquid & Offshore,LQB,2025-09,1,37786,0,61.0,26.0,1,0.0,25910,4.9
berth,MP-1,MP-1 — Multipurpose Berth 1,Dry Bulk & General,MPT,2025-09,2,80820,0,109.5,18.0,1,0.0,10599,25.4
berth,MP-2,MP-2 — Multipurpose Berth 2,Dry Bulk & General,MPT,2025-09,1,34319,0,77.0,3.0,0,100.0,11130,10.3
berth,MP-3,MP-3 — Multipurpose Berth 3,Dry Bulk & General,MPT,2025-09,3,100188,0,110.7,24.3,2,0.0,9284,36.0
berth,SPM-1,SPM-1 — Single Point Mooring 1 (crude),Liquid & Offshore,SPM,2025-09,3,673910,0,59.7,10.0,0,33.3,108549,20.7
berth,WB-1,WB-1 — West Basin Coal Berth 1,Dry Bulk & General,WBC,2025-09,1,67968,0,121.0,26.0,1,0.0,17171,13.2
berth,WB-2,WB-2 — West Basin Coal Berth 2,Dry Bulk & General,WBC,2025-09,1,67910,0,113.0,3.0,0,100.0,14817,15.3
port,REFPT,Reference Port,,,2025-10,34,2845295,137607,63.6,16.5,6,20.6,42653,9.0
zone,BULKGEN,Dry Bulk & General,Dry Bulk & General,,2025-10,12,855289,0,102.3,17.5,3,25.0,20164,19.5
zone,CONTAINER,Container,Container,,2025-10,17,1651284,137607,37.4,16.2,2,17.6,110086,4.0
zone,LIQMAR,Liquid & Offshore,Liquid & Offshore,,2025-10,5,338722,0,59.8,15.2,1,20.0,36454,6.0
terminal,CT2,Container Terminal 2,Container,CT2,2025-10,4,267204,22267,41.0,19.0,0,0.0,72874,5.9
terminal,CT3,Container Terminal 3,Container,CT3,2025-10,1,86172,7181,46.0,23.0,0,0.0,89919,1.5
terminal,CT4,Container Terminal 4,Container,CT4,2025-10,10,1079316,89943,33.2,12.7,1,30.0,126359,6.9
terminal,CT5,Container Terminal 5,Container,CT5,2025-10,2,218592,18216,46.5,24.5,1,0.0,119232,3.0
terminal,LQB,Liquid Terminal,Liquid & Offshore,LQB,2025-10,4,128681,0,61.5,16.0,1,25.0,16969,8.2
terminal,MPT,Multipurpose Terminal,Dry Bulk & General,MPT,2025-10,7,174047,0,98.3,16.0,2,28.6,7252,19.4
terminal,SPM,SPM Crude,Liquid & Offshore,SPM,2025-10,1,210041,0,53.0,12.0,0,0.0,122951,2.8
terminal,WBC,West Basin Coal Terminal,Dry Bulk & General,WBC,2025-10,5,681242,0,108.0,19.6,1,20.0,36991,29.7
berth,CT2-1,CT2-1 — CT2 Berth 1,Container,CT2,2025-10,3,189420,15785,42.0,18.7,0,0.0,64944,9.4
berth,CT2-2,CT2-2 — CT2 Berth 2,Container,CT2,2025-10,1,77784,6482,38.0,20.0,0,0.0,103712,2.4
berth,CT3-1,CT3-1 — CT3 Berth 1,Container,CT3,2025-10,1,86172,7181,46.0,23.0,0,0.0,89919,3.1
berth,CT4-1,CT4-1 — CT4 Berth 1,Container,CT4,2025-10,2,255804,21317,29.0,6.0,0,100.0,133463,6.2
berth,CT4-2,CT4-2 — CT4 Berth 2,Container,CT4,2025-10,3,266292,22191,39.3,20.0,1,0.0,110190,7.8
berth,CT4-3,CT4-3 — CT4 Berth 3,Container,CT4,2025-10,3,395748,32979,28.7,9.7,0,33.3,166631,7.7
berth,CT4-4,CT4-4 — CT4 Berth 4,Container,CT4,2025-10,2,161472,13456,35.0,13.0,0,0.0,88076,5.9
berth,CT5-1,CT5-1 — CT5 Berth 1,Container,CT5,2025-10,1,91872,7656,42.0,19.0,0,0.0,95866,3.1
berth,CT5-2,CT5-2 — CT5 Berth 2,Container,CT5,2025-10,1,126720,10560,51.0,30.0,1,0.0,144823,2.8
berth,LB-1,LB-1 — Liquid Berth 1,Liquid & Offshore,LQB,2025-10,1,38864,0,51.0,6.0,0,100.0,20727,6.0
berth,LB-3,LB-3 — Liquid Berth 3,Liquid & Offshore,LQB,2025-10,3,89817,0,65.0,19.3,1,0.0,15734,18.4
berth,MP-1,MP-1 — Multipurpose Berth 1,Dry Bulk & General,MPT,2025-10,3,58569,0,101.3,14.3,1,33.3,5386,35.1
berth,MP-2,MP-2 — Multipurpose Berth 2,Dry Bulk & General,MPT,2025-10,1,34267,0,117.0,13.0,0,0.0,7908,14.0
berth,MP-3,MP-3 — Multipurpose Berth 3,Dry Bulk & General,MPT,2025-10,3,81211,0,89.0,18.7,1,33.3,9237,28.4
berth,SPM-1,SPM-1 — Single Point Mooring 1 (crude),Liquid & Offshore,SPM,2025-10,1,210041,0,53.0,12.0,0,0.0,122951,5.5
berth,WB-1,WB-1 — West Basin Coal Berth 1,Dry Bulk & General,WBC,2025-10,3,411287,0,118.7,21.0,0,0.0,33689,39.4
berth,WB-2,WB-2 — West Basin Coal Berth 2,Dry Bulk & General,WBC,2025-10,2,269955,0,92.0,17.5,1,50.0,43483,20.0
port,REFPT,Reference Port,,,2025-11,28,2223447,128941,51.4,17.1,6,17.9,55644,5.5
zone,BULKGEN,Dry Bulk & General,Dry Bulk & General,,2025-11,8,201481,0,78.0,17.6,2,25.0,10011,9.6
zone,CONTAINER,Container,Container,,2025-11,18,1547292,128941,37.7,16.1,3,16.7,95463,4.5
zone,LIQMAR,Liquid & Offshore,Liquid & Offshore,,2025-11,2,474674,0,67.5,24.0,1,0.0,130945,2.4
terminal,CT1,Container Terminal 1,Container,CT1,2025-11,3,250308,20859,35.7,16.7,0,0.0,105393,4.0
terminal,CT2,Container Terminal 2,Container,CT2,2025-11,1,80988,6749,33.0,7.0,0,0.0,74758,1.8
terminal,CT3,Container Terminal 3,Container,CT3,2025-11,4,312720,26060,37.5,16.5,1,25.0,89349,5.8
terminal,CT4,Container Terminal 4,Container,CT4,2025-11,7,698340,58195,34.7,13.0,0,28.6,110264,5.3
terminal,CT5,Container Terminal 5,Container,CT5,2025-11,3,204936,17078,48.7,25.3,2,0.0,70264,4.9
terminal,MPT,Multipurpose Terminal,Dry Bulk & General,MPT,2025-11,5,132348,0,91.6,18.4,2,20.0,8679,12.7
terminal,RRT,Ro-Ro Terminal,Dry Bulk & General,RRT,2025-11,2,6918,0,38.5,22.5,0,0.0,5188,4.4
terminal,SPM,SPM Crude,Liquid & Offshore,SPM,2025-11,2,474674,0,67.5,24.0,1,0.0,130945,6.0
terminal,WBC,West Basin Coal Terminal,Dry Bulk & General,WBC,2025-11,1,62215,0,89.0,4.0,0,100.0,17567,5.9
berth,CT1-1,CT1-1 — CT1 Berth 1,Container,CT1,2025-11,3,250308,20859,35.7,16.7,0,0.0,105393,7.9
berth,CT2-1,CT2-1 — CT2 Berth 1,Container,CT2,2025-11,1,80988,6749,33.0,7.0,0,0.0,74758,3.6
berth,CT3-1,CT3-1 — CT3 Berth 1,Container,CT3,2025-11,3,248388,20699,42.7,21.0,1,0.0,91712,9.0
berth,CT3-2,CT3-2 — CT3 Berth 2,Container,CT3,2025-11,1,64332,5361,22.0,3.0,0,100.0,81261,2.6
berth,CT4-2,CT4-2 — CT4 Berth 2,Container,CT4,2025-11,2,327780,27315,32.5,7.5,0,50.0,157334,6.9
berth,CT4-3,CT4-3 — CT4 Berth 3,Container,CT4,2025-11,3,244512,20376,32.0,12.0,0,33.3,97805,8.3
berth,CT4-4,CT4-4 — CT4 Berth 4,Container,CT4,2025-11,2,126048,10504,41.0,20.0,0,0.0,72027,5.8
berth,CT5-1,CT5-1 — CT5 Berth 1,Container,CT5,2025-11,3,204936,17078,48.7,25.3,2,0.0,70264,9.7
berth,MP-1,MP-1 — Multipurpose Berth 1,Dry Bulk & General,MPT,2025-11,3,84138,0,84.7,15.0,1,33.3,9662,29.0
berth,MP-2,MP-2 — Multipurpose Berth 2,Dry Bulk & General,MPT,2025-11,2,48210,0,102.0,23.5,1,0.0,7370,21.8
berth,RR-1,RR-1 — Ro-Ro Berth 1,Dry Bulk & General,RRT,2025-11,2,6918,0,38.5,22.5,0,0.0,5188,4.4
berth,SPM-1,SPM-1 — Single Point Mooring 1 (crude),Liquid & Offshore,SPM,2025-11,2,474674,0,67.5,24.0,1,0.0,130945,12.1
berth,WB-2,WB-2 — West Basin Coal Berth 2,Dry Bulk & General,WBC,2025-11,1,62215,0,89.0,4.0,0,100.0,17567,11.8
port,REFPT,Reference Port,,,2025-12,29,2454647,89023,56.4,14.0,2,24.1,47935,6.9
zone,BULKGEN,Dry Bulk & General,Dry Bulk & General,,2025-12,8,432577,0,89.2,18.0,2,25.0,18214,10.9
zone,CONTAINER,Container,Container,,2025-12,12,1068276,89023,34.8,13.0,0,16.7,98232,2.9
zone,LIQMAR,Liquid & Offshore,Liquid & Offshore,,2025-12,9,953794,0,56.1,11.9,0,33.3,57515,10.7
terminal,CT1,Container Terminal 1,Container,CT1,2025-12,1,157776,13148,47.0,24.0,0,0.0,164636,1.5
terminal,CT2,Container Terminal 2,Container,CT2,2025-12,3,263832,21986,31.3,8.3,0,33.3,91768,4.6
terminal,CT3,Container Terminal 3,Container,CT3,2025-12,2,128280,10690,37.5,10.5,0,0.0,57013,3.6
terminal,CT4,Container Terminal 4,Container,CT4,2025-12,2,167196,13933,27.5,10.5,0,50.0,118021,1.1
terminal,CT5,Container Terminal 5,Container,CT5,2025-12,4,351192,29266,36.5,16.2,0,0.0,104057,5.4
terminal,LQB,Liquid Terminal,Liquid & Offshore,LQB,2025-12,6,242734,0,57.5,14.0,0,16.7,22320,11.7
terminal,MPT,Multipurpose Terminal,Dry Bulk & General,MPT,2025-12,4,141627,0,102.5,15.0,0,25.0,9712,11.8
terminal,RRT,Ro-Ro Terminal,Dry Bulk & General,RRT,2025-12,2,6818,0,49.5,26.0,1,0.0,3482,6.3
terminal,SPM,SPM Crude,Liquid & Offshore,SPM,2025-12,3,711060,0,53.3,7.7,0,66.7,124565,9.2
terminal,WBC,West Basin Coal Terminal,Dry Bulk & General,WBC,2025-12,2,284132,0,102.5,16.0,1,50.0,39417,11.6
berth,CT1-2,CT1-2 — CT1 Berth 2,Container,CT1,2025-12,1,157776,13148,47.0,24.0,0,0.0,164636,3.1
berth,CT2-1,CT2-1 — CT2 Berth 1,Container,CT2,2025-12,3,263832,21986,31.3,8.3,0,33.3,91768,9.3
berth,CT3-1,CT3-1 — CT3 Berth 1,Container,CT3,2025-12,1,76008,6334,37.0,7.0,0,0.0,60806,4.0
berth,CT3-2,CT3-2 — CT3 Berth 2,Container,CT3,2025-12,1,52272,4356,38.0,14.0,0,0.0,52272,3.2
berth,CT4-2,CT4-2 — CT4 Berth 2,Container,CT4,2025-12,1,67632,5636,18.0,4.0,0,100.0,115941,1.9
berth,CT4-3,CT4-3 — CT4 Berth 3,Container,CT4,2025-12,1,99564,8297,37.0,17.0,0,0.0,119477,2.7
berth,CT5-1,CT5-1 — CT5 Berth 1,Container,CT5,2025-12,1,59424,4952,36.0,13.0,0,0.0,62008,3.1
berth,CT5-2,CT5-2 — CT5 Berth 2,Container,CT5,2025-12,3,291768,24314,36.7,17.3,0,0.0,120732,7.8
berth,LB-1,LB-1 — Liquid Berth 1,Liquid & Offshore,LQB,2025-12,3,125711,0,57.7,8.3,0,33.3,20386,19.9
berth,LB-2,LB-2 — Liquid Berth 2,Liquid & Offshore,LQB,2025-12,2,86824,0,52.0,18.0,0,0.0,30644,9.1
berth,LB-3,LB-3 — Liquid Berth 3,Liquid & Offshore,LQB,2025-12,1,30199,0,68.0,23.0,0,0.0,16106,6.0
berth,MP-1,MP-1 — Multipurpose Berth 1,Dry Bulk & General,MPT,2025-12,1,36859,0,77.0,3.0,0,100.0,11954,9.9
berth,MP-2,MP-2 — Multipurpose Berth 2,Dry Bulk & General,MPT,2025-12,1,19282,0,109.0,22.0,0,0.0,5319,11.7
berth,MP-3,MP-3 — Multipurpose Berth 3,Dry Bulk & General,MPT,2025-12,2,85486,0,112.0,17.5,0,0.0,10855,25.4
berth,RR-1,RR-1 — Ro-Ro Berth 1,Dry Bulk & General,RRT,2025-12,2,6818,0,49.5,26.0,1,0.0,3482,6.3
berth,SPM-1,SPM-1 — Single Point Mooring 1 (crude),Liquid & Offshore,SPM,2025-12,3,711060,0,53.3,7.7,0,66.7,124565,18.4
berth,WB-1,WB-1 — West Basin Coal Berth 1,Dry Bulk & General,WBC,2025-12,2,284132,0,102.5,16.0,1,50.0,39417,23.3
port,REFPT,Reference Port,,,2026-01,34,2864363,143311,54.0,16.9,6,11.8,54559,7.1
zone,BULKGEN,Dry Bulk & General,Dry Bulk & General,,2026-01,9,494786,0,85.3,19.2,2,11.1,19958,11.4
zone,CONTAINER,Container,Container,,2026-01,19,1719732,143311,38.9,16.5,4,15.8,96659,4.8
zone,LIQMAR,Liquid & Offshore,Liquid & Offshore,,2026-01,6,649845,0,54.7,15.0,0,0.0,65531,6.4
terminal,CT1,Container Terminal 1,Container,CT1,2026-01,3,248940,20745,40.0,18.3,1,0.0,91916,4.4
terminal,CT2,Container Terminal 2,Container,CT2,2026-01,2,276252,23021,32.0,11.5,0,0.0,161708,2.8
terminal,CT3,Container Terminal 3,Container,CT3,2026-01,5,343452,28621,42.2,22.0,2,0.0,81612,6.8
terminal,CT4,Container Terminal 4,Container,CT4,2026-01,5,519576,43298,35.6,12.6,0,40.0,108433,3.9
terminal,CT5,Container Terminal 5,Container,CT5,2026-01,4,331512,27626,41.8,15.5,1,25.0,75774,7.1
terminal,LQB,Liquid Terminal,Liquid & Offshore,LQB,2026-01,4,147050,0,55.2,11.0,0,0.0,19939,7.9
terminal,MPT,Multipurpose Terminal,Dry Bulk & General,MPT,2026-01,5,167516,0,89.6,17.2,1,20.0,11106,12.2
terminal,RRT,Ro-Ro Terminal,Dry Bulk & General,RRT,2026-01,2,10475,0,43.5,24.0,1,0.0,6446,5.2
terminal,SPM,SPM Crude,Liquid & Offshore,SPM,2026-01,2,502795,0,53.5,23.0,0,0.0,197821,4.1
terminal,WBC,West Basin Coal Terminal,Dry Bulk & General,WBC,2026-01,2,316795,0,116.5,19.5,0,0.0,39191,13.0
berth,CT1-2,CT1-2 — CT1 Berth 2,Container,CT1,2026-01,3,248940,20745,40.0,18.3,1,0.0,91916,8.7
berth,CT2-1,CT2-1 — CT2 Berth 1,Container,CT2,2026-01,1,117120,9760,23.0,9.0,0,0.0,200777,1.9
berth,CT2-2,CT2-2 — CT2 Berth 2,Container,CT2,2026-01,1,159132,13261,41.0,14.0,0,0.0,141451,3.6
berth,CT3-1,CT3-1 — CT3 Berth 1,Container,CT3,2026-01,2,136008,11334,40.0,20.0,1,0.0,81605,5.4
berth,CT3-2,CT3-2 — CT3 Berth 2,Container,CT3,2026-01,3,207444,17287,43.7,23.3,1,0.0,81617,8.2
berth,CT4-1,CT4-1 — CT4 Berth 1,Container,CT4,2026-01,1,100116,8343,30.0,10.0,0,0.0,120139,2.7
berth,CT4-2,CT4-2 — CT4 Berth 2,Container,CT4,2026-01,2,171300,14275,29.5,5.0,0,100.0,83902,6.6
berth,CT4-3,CT4-3 — CT4 Berth 3,Container,CT4,2026-01,1,84852,7071,43.0,20.0,0,0.0,88541,3.1
berth,CT4-4,CT4-4 — CT4 Berth 4,Container,CT4,2026-01,1,163308,13609,46.0,23.0,0,0.0,170408,3.1
berth,CT5-1,CT5-1 — CT5 Berth 1,Container,CT5,2026-01,1,77292,6441,40.0,19.0,0,0.0,88334,2.8
berth,CT5-2,CT5-2 — CT5 Berth 2,Container,CT5,2026-01,3,254220,21185,42.3,14.3,1,33.3,72634,11.3
berth,LB-2,LB-2 — Liquid Berth 2,Liquid & Offshore,LQB,2026-01,3,112631,0,53.0,10.7,0,0.0,21285,17.1
berth,LB-3,LB-3 — Liquid Berth 3,Liquid & Offshore,LQB,2026-01,1,34419,0,62.0,12.0,0,0.0,16521,6.7
berth,MP-1,MP-1 — Multipurpose Berth 1,Dry Bulk & General,MPT,2026-01,2,64736,0,84.5,9.5,0,50.0,10358,20.2
berth,MP-2,MP-2 — Multipurpose Berth 2,Dry Bulk & General,MPT,2026-01,3,102780,0,93.0,22.3,1,0.0,11635,28.5
berth,RR-1,RR-1 — Ro-Ro Berth 1,Dry Bulk & General,RRT,2026-01,2,10475,0,43.5,24.0,1,0.0,6446,5.2
berth,SPM-1,SPM-1 — Single Point Mooring 1 (crude),Liquid & Offshore,SPM,2026-01,2,502795,0,53.5,23.0,0,0.0,197821,8.2
berth,WB-1,WB-1 — West Basin Coal Berth 1,Dry Bulk & General,WBC,2026-01,1,157535,0,107.0,16.0,0,0.0,41548,12.2
berth,WB-2,WB-2 — West Basin Coal Berth 2,Dry Bulk & General,WBC,2026-01,1,159260,0,126.0,23.0,0,0.0,37109,13.8
port,REFPT,Reference Port,,,2026-02,30,2565025,139826,53.0,15.9,7,20.0,55410,6.9
zone,BULKGEN,Dry Bulk & General,Dry Bulk & General,,2026-02,6,293965,0,94.7,16.2,2,16.7,14979,10.0
zone,CONTAINER,Container,Container,,2026-02,19,1677912,139826,38.0,16.7,4,15.8,99432,5.0
zone,LIQMAR,Liquid & Offshore,Liquid & Offshore,,2026-02,5,593148,0,59.8,12.8,1,40.0,60577,7.0
terminal,CT1,Container Terminal 1,Container,CT1,2026-02,5,493284,41107,40.6,20.0,2,0.0,114940,7.7
terminal,CT2,Container Terminal 2,Container,CT2,2026-02,3,155988,12999,36.0,14.0,0,0.0,56723,4.9
terminal,CT3,Container Terminal 3,Container,CT3,2026-02,1,60492,5041,39.0,22.0,0,0.0,85400,1.3
terminal,CT4,Container Terminal 4,Container,CT4,2026-02,5,443340,36945,36.2,15.0,1,20.0,100379,3.9
terminal,CT5,Container Terminal 5,Container,CT5,2026-02,5,524808,43734,38.2,15.6,1,40.0,111464,8.4
terminal,LQB,Liquid Terminal,Liquid & Offshore,LQB,2026-02,3,104682,0,59.3,14.7,1,33.3,18749,6.6
terminal,MPT,Multipurpose Terminal,Dry Bulk & General,MPT,2026-02,3,99690,0,111.7,16.7,1,0.0,8395,10.6
terminal,RRT,Ro-Ro Terminal,Dry Bulk & General,RRT,2026-02,1,3656,0,45.0,29.0,1,0.0,5484,2.4
terminal,SPM,SPM Crude,Liquid & Offshore,SPM,2026-02,2,488466,0,60.5,10.0,0,50.0,116071,7.5
terminal,WBC,West Basin Coal Terminal,Dry Bulk & General,WBC,2026-02,2,190619,0,94.0,9.0,0,50.0,26911,12.6
berth,CT1-1,CT1-1 — CT1 Berth 1,Container,CT1,2026-02,3,170628,14219,45.7,26.3,2,0.0,70605,8.6
berth,CT1-2,CT1-2 — CT1 Berth 2,Container,CT1,2026-02,2,322656,26888,33.0,10.5,0,0.0,172083,6.7
berth,CT2-1,CT2-1 — CT2 Berth 1,Container,CT2,2026-02,2,102996,8583,35.5,11.5,0,0.0,51498,7.1
berth,CT2-2,CT2-2 — CT2 Berth 2,Container,CT2,2026-02,1,52992,4416,37.0,19.0,0,0.0,70656,2.7
berth,CT3-1,CT3-1 — CT3 Berth 1,Container,CT3,2026-02,1,60492,5041,39.0,22.0,0,0.0,85400,2.5
berth,CT4-1,CT4-1 — CT4 Berth 1,Container,CT4,2026-02,1,102288,8524,48.0,25.0,1,0.0,106735,3.4
berth,CT4-2,CT4-2 — CT4 Berth 2,Container,CT4,2026-02,1,31968,2664,32.0,10.0,0,0.0,34874,3.3
berth,CT4-4,CT4-4 — CT4 Berth 4,Container,CT4,2026-02,3,309084,25757,33.7,13.3,0,33.3,121607,9.1
berth,CT5-1,CT5-1 — CT5 Berth 1,Container,CT5,2026-02,3,369504,30792,32.3,9.7,0,66.7,130413,10.1
berth,CT5-2,CT5-2 — CT5 Berth 2,Container,CT5,2026-02,2,155304,12942,47.0,24.5,1,0.0,82829,6.7
berth,LB-2,LB-2 — Liquid Berth 2,Liquid & Offshore,LQB,2026-02,1,25866,0,58.0,5.0,0,100.0,11713,7.9
berth,LB-3,LB-3 — Liquid Berth 3,Liquid & Offshore,LQB,2026-02,2,78816,0,60.0,19.5,1,0.0,23353,12.1
berth,MP-1,MP-1 — Multipurpose Berth 1,Dry Bulk & General,MPT,2026-02,1,24408,0,91.0,11.0,0,0.0,7322,11.9
berth,MP-3,MP-3 — Multipurpose Berth 3,Dry Bulk & General,MPT,2026-02,2,75282,0,122.0,19.5,1,0.0,8814,30.5
berth,RR-1,RR-1 — Ro-Ro Berth 1,Dry Bulk & General,RRT,2026-02,1,3656,0,45.0,29.0,1,0.0,5484,2.4
berth,SPM-1,SPM-1 — Single Point Mooring 1 (crude),Liquid & Offshore,SPM,2026-02,2,488466,0,60.5,10.0,0,50.0,116071,15.0
berth,WB-1,WB-1 — West Basin Coal Berth 1,Dry Bulk & General,WBC,2026-02,1,70572,0,114.0,5.0,0,100.0,15539,16.2
berth,WB-2,WB-2 — West Basin Coal Berth 2,Dry Bulk & General,WBC,2026-02,1,120047,0,74.0,13.0,0,0.0,47232,9.1
port,REFPT,Reference Port,,,2026-03,33,2926635,125406,54.6,14.4,3,6.1,52891,7.4
zone,BULKGEN,Dry Bulk & General,Dry Bulk & General,,2026-03,9,616245,0,83.1,13.1,0,11.1,23476,12.1
zone,CONTAINER,Container,Container,,2026-03,17,1504872,125406,36.3,15.4,3,5.9,101452,4.0
zone,LIQMAR,Liquid & Offshore,Liquid & Offshore,,2026-03,7,805518,0,62.4,13.6,0,0.0,56528,9.2
terminal,CT1,Container Terminal 1,Container,CT1,2026-03,1,172284,14357,36.0,9.0,0,0.0,153141,1.8
terminal,CT2,Container Terminal 2,Container,CT2,2026-03,3,291756,24313,35.3,13.0,0,0.0,104510,4.5
terminal,CT3,Container Terminal 3,Container,CT3,2026-03,4,269460,22455,38.8,17.2,1,0.0,75198,5.8
terminal,CT4,Container Terminal 4,Container,CT4,2026-03,5,476628,39719,40.6,18.6,2,0.0,103992,3.7
terminal,CT5,Container Terminal 5,Container,CT5,2026-03,4,294744,24562,29.2,12.8,0,25.0,107180,4.4
terminal,LQB,Liquid Terminal,Liquid & Offshore,LQB,2026-03,4,187460,0,61.5,12.5,0,0.0,22954,8.8
terminal,MPT,Multipurpose Terminal,Dry Bulk & General,MPT,2026-03,4,127250,0,86.2,16.8,0,0.0,10986,9.3
terminal,RRT,Ro-Ro Terminal,Dry Bulk & General,RRT,2026-03,1,3452,0,19.0,4.0,0,100.0,5523,2.0
terminal,SPM,SPM Crude,Liquid & Offshore,SPM,2026-03,3,618058,0,63.7,15.0,0,0.0,101599,9.8
terminal,WBC,West Basin Coal Terminal,Dry Bulk & General,WBC,2026-03,4,485543,0,96.0,11.8,0,0.0,34579,22.6
berth,CT1-1,CT1-1 — CT1 Berth 1,Container,CT1,2026-03,1,172284,14357,36.0,9.0,0,0.0,153141,3.6
berth,CT2-1,CT2-1 — CT2 Berth 1,Container,CT2,2026-03,1,100824,8402,22.0,7.0,0,0.0,161318,2.0
berth,CT2-2,CT2-2 — CT2 Berth 2,Container,CT2,2026-03,2,190932,15911,42.0,16.0,0,0.0,88122,7.0
berth,CT3-1,CT3-1 — CT3 Berth 1,Container,CT3,2026-03,3,217656,18138,37.0,14.7,0,0.0,77966,9.0
berth,CT3-2,CT3-2 — CT3 Berth 2,Container,CT3,2026-03,1,51804,4317,44.0,25.0,1,0.0,65437,2.6
berth,CT4-2,CT4-2 — CT4 Berth 2,Container,CT4,2026-03,3,283272,23606,37.0,17.3,1,0.0,115229,7.9
berth,CT4-3,CT4-3 — CT4 Berth 3,Container,CT4,2026-03,2,193356,16113,46.0,20.5,1,0.0,90991,6.9
berth,CT5-1,CT5-1 — CT5 Berth 1,Container,CT5,2026-03,2,114048,9504,29.5,15.5,0,0.0,97755,3.8
berth,CT5-2,CT5-2 — CT5 Berth 2,Container,CT5,2026-03,2,180696,15058,29.0,10.0,0,50.0,114124,5.1
berth,LB-2,LB-2 — Liquid Berth 2,Liquid & Offshore,LQB,2026-03,2,100181,0,69.5,10.0,0,0.0,20205,16.0
berth,LB-3,LB-3 — Liquid Berth 3,Liquid & Offshore,LQB,2026-03,2,87279,0,53.5,15.0,0,0.0,27204,10.3
berth,MP-1,MP-1 — Multipurpose Berth 1,Dry Bulk & General,MPT,2026-03,2,65784,0,89.0,17.5,0,0.0,11041,19.2
berth,MP-2,MP-2 — Multipurpose Berth 2,Dry Bulk & General,MPT,2026-03,1,35237,0,90.0,11.0,0,0.0,10705,10.6
berth,MP-3,MP-3 — Multipurpose Berth 3,Dry Bulk & General,MPT,2026-03,1,26229,0,77.0,21.0,0,0.0,11241,7.5
berth,RR-1,RR-1 — Ro-Ro Berth 1,Dry Bulk & General,RRT,2026-03,1,3452,0,19.0,4.0,0,100.0,5523,2.0
berth,SPM-1,SPM-1 — Single Point Mooring 1 (crude),Liquid & Offshore,SPM,2026-03,3,618058,0,63.7,15.0,0,0.0,101599,19.6
berth,WB-1,WB-1 — West Basin Coal Berth 1,Dry Bulk & General,WBC,2026-03,3,422626,0,98.0,13.0,0,0.0,39777,34.3
berth,WB-2,WB-2 — West Basin Coal Berth 2,Dry Bulk & General,WBC,2026-03,1,62917,0,90.0,8.0,0,0.0,18415,11.0
port,REFPT,Reference Port,,,2026-04,32,2715800,184159,47.5,16.0,5,12.5,64534,5.8
zone,BULKGEN,Dry Bulk & General,Dry Bulk & General,,2026-04,4,233067,0,105.5,20.2,1,0.0,16404,6.8
zone,CONTAINER,Container,Container,,2026-04,24,2209908,184159,36.8,15.2,4,16.7,102390,6.0
zone,LIQMAR,Liquid & Offshore,Liquid & Offshore,,2026-04,4,272825,0,54.0,16.2,0,0.0,43363,4.2
terminal,CT1,Container Terminal 1,Container,CT1,2026-04,2,168948,14079,45.5,26.5,2,0.0,106704,2.6
terminal,CT2,Container Terminal 2,Container,CT2,2026-04,3,233088,19424,27.0,8.0,0,66.7,98142,4.0
terminal,CT3,Container Terminal 3,Container,CT3,2026-04,5,487860,40655,34.4,12.8,1,20.0,108413,7.5
terminal,CT4,Container Terminal 4,Container,CT4,2026-04,9,999912,83326,36.1,13.9,1,11.1,119989,6.9
terminal,CT5,Container Terminal 5,Container,CT5,2026-04,5,320100,26675,42.8,19.8,0,0.0,66803,8.0
terminal,LQB,Liquid Terminal,Liquid & Offshore,LQB,2026-04,3,86303,0,51.3,15.3,0,0.0,19178,5.0
terminal,MPT,Multipurpose Terminal,Dry Bulk & General,MPT,2026-04,3,72027,0,104.3,19.3,1,0.0,6779,8.9
terminal,SPM,SPM Crude,Liquid & Offshore,SPM,2026-04,1,186522,0,62.0,19.0,0,0.0,104105,3.0
terminal,WBC,West Basin Coal Terminal,Dry Bulk & General,WBC,2026-04,1,161040,0,109.0,23.0,0,0.0,44941,6.0
berth,CT1-1,CT1-1 — CT1 Berth 1,Container,CT1,2026-04,1,100404,8367,52.0,28.0,1,0.0,100404,3.3
berth,CT1-2,CT1-2 — CT1 Berth 2,Container,CT1,2026-04,1,68544,5712,39.0,25.0,1,0.0,117504,1.9
berth,CT2-1,CT2-1 — CT2 Berth 1,Container,CT2,2026-04,1,114096,9508,24.0,6.0,0,100.0,152128,2.5
berth,CT2-2,CT2-2 — CT2 Berth 2,Container,CT2,2026-04,2,118992,9916,28.5,9.0,0,50.0,73226,5.4
berth,CT3-1,CT3-1 — CT3 Berth 1,Container,CT3,2026-04,3,311112,25926,33.7,10.3,0,33.3,106667,9.7
berth,CT3-2,CT3-2 — CT3 Berth 2,Container,CT3,2026-04,2,176748,14729,35.5,16.5,1,0.0,111630,5.3
berth,CT4-1,CT4-1 — CT4 Berth 1,Container,CT4,2026-04,5,547332,45611,31.2,10.6,0,20.0,127534,14.3
berth,CT4-2,CT4-2 — CT4 Berth 2,Container,CT4,2026-04,1,104868,8739,52.0,27.0,1,0.0,100673,3.5
berth,CT4-3,CT4-3 — CT4 Berth 3,Container,CT4,2026-04,1,86796,7233,43.0,23.0,0,0.0,104155,2.8
berth,CT4-4,CT4-4 — CT4 Berth 4,Container,CT4,2026-04,2,260916,21743,37.0,11.0,0,0.0,120423,7.2
berth,CT5-1,CT5-1 — CT5 Berth 1,Container,CT5,2026-04,3,178188,14849,44.3,18.3,0,0.0,54827,10.8
berth,CT5-2,CT5-2 — CT5 Berth 2,Container,CT5,2026-04,2,141912,11826,40.5,22.0,0,0.0,92051,5.1
berth,LB-2,LB-2 — Liquid Berth 2,Liquid & Offshore,LQB,2026-04,3,86303,0,51.3,15.3,0,0.0,19178,15.0
berth,MP-1,MP-1 — Multipurpose Berth 1,Dry Bulk & General,MPT,2026-04,1,12924,0,97.0,28.0,1,0.0,4495,9.6
berth,MP-2,MP-2 — Multipurpose Berth 2,Dry Bulk & General,MPT,2026-04,1,42049,0,116.0,22.0,0,0.0,10736,13.1
berth,MP-3,MP-3 — Multipurpose Berth 3,Dry Bulk & General,MPT,2026-04,1,17054,0,100.0,8.0,0,0.0,4449,12.8
berth,SPM-1,SPM-1 — Single Point Mooring 1 (crude),Liquid & Offshore,SPM,2026-04,1,186522,0,62.0,19.0,0,0.0,104105,6.0
berth,WB-2,WB-2 — West Basin Coal Berth 2,Dry Bulk & General,WBC,2026-04,1,161040,0,109.0,23.0,0,0.0,44941,11.9
port,REFPT,Reference Port,,,2026-05,35,2947290,155579,55.7,15.0,6,11.4,49604,8.0
zone,BULKGEN,Dry Bulk & General,Dry Bulk & General,,2026-05,11,398618,0,89.6,15.1,2,9.1,11667,15.7
zone,CONTAINER,Container,Container,,2026-05,20,1866948,155579,36.4,13.0,2,15.0,95946,5.2
zone,LIQMAR,Liquid & Offshore,Liquid & Offshore,,2026-05,4,681724,0,59.2,24.5,2,0.0,117708,3.7
terminal,CT1,Container Terminal 1,Container,CT1,2026-05,5,412740,34395,40.6,15.6,1,20.0,79246,8.4
terminal,CT2,Container Terminal 2,Container,CT2,2026-05,3,404700,33725,37.0,10.0,0,0.0,119911,5.4
terminal,CT3,Container Terminal 3,Container,CT3,2026-05,1,48132,4011,46.0,16.0,0,0.0,38506,2.0
terminal,CT4,Container Terminal 4,Container,CT4,2026-05,9,822036,68503,33.3,11.3,0,22.2,99641,6.7
terminal,CT5,Container Terminal 5,Container,CT5,2026-05,2,179340,14945,33.5,17.0,1,0.0,130429,2.2
terminal,LQB,Liquid Terminal,Liquid & Offshore,LQB,2026-05,1,29834,0,61.0,30.0,1,0.0,23097,1.4
terminal,MPT,Multipurpose Terminal,Dry Bulk & General,MPT,2026-05,9,239219,0,94.2,14.7,2,11.1,8019,24.1
terminal,RRT,Ro-Ro Terminal,Dry Bulk & General,RRT,2026-05,1,3980,0,45.0,20.0,0,0.0,3821,3.4
terminal,SPM,SPM Crude,Liquid & Offshore,SPM,2026-05,3,651890,0,58.7,22.7,1,0.0,144864,7.3
terminal,WBC,West Basin Coal Terminal,Dry Bulk & General,WBC,2026-05,1,155419,0,93.0,14.0,0,0.0,47216,5.3
berth,CT1-1,CT1-1 — CT1 Berth 1,Container,CT1,2026-05,4,355560,29630,45.5,18.0,1,0.0,77577,14.8
berth,CT1-2,CT1-2 — CT1 Berth 2,Container,CT1,2026-05,1,57180,4765,21.0,6.0,0,100.0,91488,2.0
berth,CT2-1,CT2-1 — CT2 Berth 1,Container,CT2,2026-05,1,162432,13536,39.0,13.0,0,0.0,149937,3.5
berth,CT2-2,CT2-2 — CT2 Berth 2,Container,CT2,2026-05,2,242268,20189,36.0,8.5,0,0.0,105717,7.4
berth,CT3-2,CT3-2 — CT3 Berth 2,Container,CT3,2026-05,1,48132,4011,46.0,16.0,0,0.0,38506,4.0
berth,CT4-1,CT4-1 — CT4 Berth 1,Container,CT4,2026-05,2,181728,15144,36.0,11.5,0,0.0,89010,6.6
berth,CT4-2,CT4-2 — CT4 Berth 2,Container,CT4,2026-05,3,346260,28855,33.7,11.0,0,33.3,122209,9.1
berth,CT4-3,CT4-3 — CT4 Berth 3,Container,CT4,2026-05,3,245772,20481,35.7,14.0,0,0.0,90747,8.7
berth,CT4-4,CT4-4 — CT4 Berth 4,Container,CT4,2026-05,1,48276,4023,20.0,4.0,0,100.0,72414,2.2
berth,CT5-1,CT5-1 — CT5 Berth 1,Container,CT5,2026-05,1,77748,6479,24.0,8.0,0,0.0,116622,2.2
berth,CT5-2,CT5-2 — CT5 Berth 2,Container,CT5,2026-05,1,101592,8466,43.0,26.0,1,0.0,143424,2.3
berth,LB-2,LB-2 — Liquid Berth 2,Liquid & Offshore,LQB,2026-05,1,29834,0,61.0,30.0,1,0.0,23097,4.2
berth,MP-1,MP-1 — Multipurpose Berth 1,Dry Bulk & General,MPT,2026-05,3,42878,0,100.7,16.3,1,0.0,4067,34.0
berth,MP-2,MP-2 — Multipurpose Berth 2,Dry Bulk & General,MPT,2026-05,4,146174,0,88.5,12.0,0,25.0,11465,41.1
berth,MP-3,MP-3 — Multipurpose Berth 3,Dry Bulk & General,MPT,2026-05,2,50167,0,96.0,17.5,1,0.0,7669,21.1
berth,RR-1,RR-1 — Ro-Ro Berth 1,Dry Bulk & General,RRT,2026-05,1,3980,0,45.0,20.0,0,0.0,3821,3.4
berth,SPM-1,SPM-1 — Single Point Mooring 1 (crude),Liquid & Offshore,SPM,2026-05,3,651890,0,58.7,22.7,1,0.0,144864,14.5
berth,WB-2,WB-2 — West Basin Coal Berth 2,Dry Bulk & General,WBC,2026-05,1,155419,0,93.0,14.0,0,0.0,47216,10.6
port,REFPT,Reference Port,,,2026-06,33,2318212,128402,57.5,17.3,8,6.1,41895,7.7
zone,BULKGEN,Dry Bulk & General,Dry Bulk & General,,2026-06,10,564550,0,93.3,22.2,5,10.0,19057,14.1
zone,CONTAINER,Container,Container,,2026-06,17,1540824,128402,38.9,16.1,2,0.0,95309,4.5
zone,LIQMAR,Liquid & Offshore,Liquid & Offshore,,2026-06,6,212838,0,50.7,12.5,1,16.7,22306,6.4
terminal,CT1,Container Terminal 1,Container,CT1,2026-06,5,506232,42186,38.2,12.4,0,0.0,94183,9.0
terminal,CT2,Container Terminal 2,Container,CT2,2026-06,4,373104,31092,47.0,23.5,2,0.0,95261,6.5
terminal,CT3,Container Terminal 3,Container,CT3,2026-06,3,150204,12517,34.0,14.0,0,0.0,60082,4.2
terminal,CT4,Container Terminal 4,Container,CT4,2026-06,3,376380,31365,40.3,15.7,0,0.0,122069,2.6
terminal,CT5,Container Terminal 5,Container,CT5,2026-06,2,134904,11242,29.5,14.0,0,0.0,104442,2.2
terminal,LQB,Liquid Terminal,Liquid & Offshore,LQB,2026-06,6,212838,0,50.7,12.5,1,16.7,22306,10.6
terminal,MPT,Multipurpose Terminal,Dry Bulk & General,MPT,2026-06,6,202535,0,99.8,20.8,3,16.7,10255,16.5
terminal,RRT,Ro-Ro Terminal,Dry Bulk & General,RRT,2026-06,1,4236,0,44.0,29.0,1,0.0,6778,2.1
terminal,WBC,West Basin Coal Terminal,Dry Bulk & General,WBC,2026-06,3,357779,0,96.7,22.7,1,0.0,38679,15.4
berth,CT1-1,CT1-1 — CT1 Berth 1,Container,CT1,2026-06,2,230484,19207,42.5,18.0,0,0.0,112890,6.8
berth,CT1-2,CT1-2 — CT1 Berth 2,Container,CT1,2026-06,3,275748,22979,35.3,8.7,0,0.0,82724,11.1
berth,CT2-1,CT2-1 — CT2 Berth 1,Container,CT2,2026-06,4,373104,31092,47.0,23.5,2,0.0,95261,13.1
berth,CT3-1,CT3-1 — CT3 Berth 1,Container,CT3,2026-06,1,35928,2994,39.0,22.0,0,0.0,50722,2.4
berth,CT3-2,CT3-2 — CT3 Berth 2,Container,CT3,2026-06,2,114276,9523,31.5,10.0,0,0.0,63782,6.0
berth,CT4-3,CT4-3 — CT4 Berth 3,Container,CT4,2026-06,1,76956,6413,46.0,18.0,0,0.0,65962,3.9
berth,CT4-4,CT4-4 — CT4 Berth 4,Container,CT4,2026-06,2,299424,24952,37.5,14.5,0,0.0,156221,6.4
berth,CT5-1,CT5-1 — CT5 Berth 1,Container,CT5,2026-06,1,82476,6873,34.0,19.0,0,0.0,131962,2.1
berth,CT5-2,CT5-2 — CT5 Berth 2,Container,CT5,2026-06,1,52428,4369,25.0,9.0,0,0.0,78642,2.2
berth,LB-1,LB-1 — Liquid Berth 1,Liquid & Offshore,LQB,2026-06,2,74970,0,50.0,11.5,0,0.0,23367,10.7
berth,LB-2,LB-2 — Liquid Berth 2,Liquid & Offshore,LQB,2026-06,2,54562,0,54.0,8.0,0,50.0,14234,12.8
berth,LB-3,LB-3 — Liquid Berth 3,Liquid & Offshore,LQB,2026-06,2,83306,0,48.0,18.0,1,0.0,33322,8.3
berth,MP-1,MP-1 — Multipurpose Berth 1,Dry Bulk & General,MPT,2026-06,2,84061,0,99.5,16.5,0,0.0,12153,23.1
berth,MP-2,MP-2 — Multipurpose Berth 2,Dry Bulk & General,MPT,2026-06,1,37939,0,95.0,30.0,1,0.0,14008,9.0
berth,MP-3,MP-3 — Multipurpose Berth 3,Dry Bulk & General,MPT,2026-06,3,80535,0,101.7,20.7,2,33.3,7954,33.8
berth,RR-1,RR-1 — Ro-Ro Berth 1,Dry Bulk & General,RRT,2026-06,1,4236,0,44.0,29.0,1,0.0,6778,2.1
berth,WB-1,WB-1 — West Basin Coal Berth 1,Dry Bulk & General,WBC,2026-06,1,67897,0,97.0,16.0,0,0.0,20118,11.2
berth,WB-2,WB-2 — West Basin Coal Berth 2,Dry Bulk & General,WBC,2026-06,2,289882,0,96.5,26.0,1,0.0,49342,19.6
port,REFPT,Reference Port,,,2026-07,34,2910346,101153,60.5,16.6,5,5.9,46847,8.4
zone,BULKGEN,Dry Bulk & General,Dry Bulk & General,,2026-07,15,672984,0,77.8,15.5,1,13.3,17274,18.0
zone,CONTAINER,Container,Container,,2026-07,12,1213836,101153,39.3,17.4,2,0.0,110768,2.9
zone,LIQMAR,Liquid & Offshore,Liquid & Offshore,,2026-07,7,1023526,0,59.7,17.9,2,0.0,83838,7.9
terminal,CT1,Container Terminal 1,Container,CT1,2026-07,1,108840,9070,38.0,24.0,0,0.0,186583,0.9
terminal,CT2,Container Terminal 2,Container,CT2,2026-07,3,305436,25453,42.7,20.7,1,0.0,111068,4.4
terminal,CT3,Container Terminal 3,Container,CT3,2026-07,2,225648,18804,32.0,10.5,0,0.0,125943,2.9
terminal,CT4,Container Terminal 4,Container,CT4,2026-07,4,417912,34826,36.8,13.5,0,0.0,107848,3.1
terminal,CT5,Container Terminal 5,Container,CT5,2026-07,2,156000,13000,47.5,24.0,1,0.0,79660,3.2
terminal,LQB,Liquid Terminal,Liquid & Offshore,LQB,2026-07,3,105567,0,67.3,23.7,2,0.0,19341,5.9
terminal,MPT,Multipurpose Terminal,Dry Bulk & General,MPT,2026-07,7,238194,0,107.7,15.9,1,14.3,8891,21.6
terminal,RRT,Ro-Ro Terminal,Dry Bulk & General,RRT,2026-07,5,21387,0,34.4,15.0,0,20.0,5292,13.0
terminal,SPM,SPM Crude,Liquid & Offshore,SPM,2026-07,4,917959,0,54.0,13.5,0,0.0,135994,10.9
terminal,WBC,West Basin Coal Terminal,Dry Bulk & General,WBC,2026-07,3,413403,0,80.3,15.3,0,0.0,50880,13.1
berth,CT1-1,CT1-1 — CT1 Berth 1,Container,CT1,2026-07,1,108840,9070,38.0,24.0,0,0.0,186583,1.9
berth,CT2-1,CT2-1 — CT2 Berth 1,Container,CT2,2026-07,1,70200,5850,37.0,19.0,0,0.0,93600,2.4
berth,CT2-2,CT2-2 — CT2 Berth 2,Container,CT2,2026-07,2,235236,19603,45.5,21.5,1,0.0,117618,6.5
berth,CT3-1,CT3-1 — CT3 Berth 1,Container,CT3,2026-07,2,225648,18804,32.0,10.5,0,0.0,125943,5.8
berth,CT4-1,CT4-1 — CT4 Berth 1,Container,CT4,2026-07,2,258732,21561,38.0,15.0,0,0.0,134991,6.2
berth,CT4-3,CT4-3 — CT4 Berth 3,Container,CT4,2026-07,1,86400,7200,30.0,13.0,0,0.0,121976,2.3
berth,CT4-4,CT4-4 — CT4 Berth 4,Container,CT4,2026-07,1,72780,6065,41.0,11.0,0,0.0,58224,4.0
berth,CT5-2,CT5-2 — CT5 Berth 2,Container,CT5,2026-07,2,156000,13000,47.5,24.0,1,0.0,79660,6.3
berth,LB-1,LB-1 — Liquid Berth 1,Liquid & Offshore,LQB,2026-07,1,44448,0,61.0,26.0,1,0.0,30479,4.7
berth,LB-2,LB-2 — Liquid Berth 2,Liquid & Offshore,LQB,2026-07,1,30286,0,63.0,18.0,0,0.0,16153,6.0
berth,LB-3,LB-3 — Liquid Berth 3,Liquid & Offshore,LQB,2026-07,1,30833,0,78.0,27.0,1,0.0,14510,6.9
berth,MP-1,MP-1 — Multipurpose Berth 1,Dry Bulk & General,MPT,2026-07,1,18640,0,116.0,11.0,0,0.0,4261,14.1
berth,MP-2,MP-2 — Multipurpose Berth 2,Dry Bulk & General,MPT,2026-07,3,129743,0,115.7,21.3,1,0.0,11003,38.0
berth,MP-3,MP-3 — Multipurpose Berth 3,Dry Bulk & General,MPT,2026-07,3,89811,0,97.0,12.0,0,33.3,8453,34.3
berth,RR-1,RR-1 — Ro-Ro Berth 1,Dry Bulk & General,RRT,2026-07,5,21387,0,34.4,15.0,0,20.0,5292,13.0
berth,SPM-1,SPM-1 — Single Point Mooring 1 (crude),Liquid & Offshore,SPM,2026-07,4,917959,0,54.0,13.5,0,0.0,135994,21.8
berth,WB-1,WB-1 — West Basin Coal Berth 1,Dry Bulk & General,WBC,2026-07,3,413403,0,80.3,15.3,0,0.0,50880,26.2
port,REFPT,Reference Port,,,2026-08,25,2236279,100658,52.4,18.4,10,16.0,63142,4.8
zone,BULKGEN,Dry Bulk & General,Dry Bulk & General,,2026-08,6,424713,0,82.5,19.5,2,0.0,26966,7.3
zone,CONTAINER,Container,Container,,2026-08,14,1207896,100658,38.1,18.1,6,21.4,103165,3.1
zone,LIQMAR,Liquid & Offshore,Liquid & Offshore,,2026-08,5,603670,0,56.4,18.2,2,20.0,75854,5.1
terminal,CT1,Container Terminal 1,Container,CT1,2026-08,3,228888,19074,29.7,14.3,1,33.3,119420,3.1
terminal,CT2,Container Terminal 2,Container,CT2,2026-08,1,92376,7698,51.0,28.0,1,0.0,96392,1.5
terminal,CT3,Container Terminal 3,Container,CT3,2026-08,4,295380,24615,33.2,13.2,0,25.0,88614,5.4
terminal,CT4,Container Terminal 4,Container,CT4,2026-08,5,499488,41624,40.4,19.8,3,20.0,116386,3.5
terminal,CT5,Container Terminal 5,Container,CT5,2026-08,1,91764,7647,59.0,30.0,1,0.0,75943,1.9
terminal,LQB,Liquid Terminal,Liquid & Offshore,LQB,2026-08,3,132463,0,62.0,17.7,1,33.3,23903,6.0
terminal,MPT,Multipurpose Terminal,Dry Bulk & General,MPT,2026-08,1,53738,0,75.0,14.0,0,0.0,21143,2.0
terminal,RRT,Ro-Ro Terminal,Dry Bulk & General,RRT,2026-08,2,10602,0,46.5,22.0,1,0.0,5193,6.6
terminal,SPM,SPM Crude,Liquid & Offshore,SPM,2026-08,2,471207,0,48.0,19.0,1,0.0,194982,3.9
terminal,WBC,West Basin Coal Terminal,Dry Bulk & General,WBC,2026-08,3,360373,0,109.0,19.7,1,0.0,32272,18.0
berth,CT1-1,CT1-1 — CT1 Berth 1,Container,CT1,2026-08,2,180576,15048,34.5,19.5,1,0.0,144461,4.0
berth,CT1-2,CT1-2 — CT1 Berth 2,Container,CT1,2026-08,1,48312,4026,20.0,4.0,0,100.0,72468,2.2
berth,CT2-1,CT2-1 — CT2 Berth 1,Container,CT2,2026-08,1,92376,7698,51.0,28.0,1,0.0,96392,3.1
berth,CT3-1,CT3-1 — CT3 Berth 1,Container,CT3,2026-08,3,258396,21533,37.7,16.3,0,0.0,96898,8.6
berth,CT3-2,CT3-2 — CT3 Berth 2,Container,CT3,2026-08,1,36984,3082,20.0,4.0,0,100.0,55476,2.2
berth,CT4-1,CT4-1 — CT4 Berth 1,Container,CT4,2026-08,1,48228,4019,28.0,6.0,0,100.0,52612,3.0
berth,CT4-2,CT4-2 — CT4 Berth 2,Container,CT4,2026-08,1,59004,4917,22.0,8.0,0,0.0,101150,1.9
berth,CT4-3,CT4-3 — CT4 Berth 3,Container,CT4,2026-08,2,225936,18828,55.5,29.5,2,0.0,104278,7.0
berth,CT4-4,CT4-4 — CT4 Berth 4,Container,CT4,2026-08,1,166320,13860,41.0,26.0,1,0.0,266112,2.0
berth,CT5-2,CT5-2 — CT5 Berth 2,Container,CT5,2026-08,1,91764,7647,59.0,30.0,1,0.0,75943,3.9
berth,LB-1,LB-1 — Liquid Berth 1,Liquid & Offshore,LQB,2026-08,1,34460,0,61.0,6.0,0,100.0,15037,7.4
berth,LB-3,LB-3 — Liquid Berth 3,Liquid & Offshore,LQB,2026-08,2,98003,0,62.5,23.5,1,0.0,30155,10.5
berth,MP-2,MP-2 — Multipurpose Berth 2,Dry Bulk & General,MPT,2026-08,1,53738,0,75.0,14.0,0,0.0,21143,8.2
berth,RR-1,RR-1 — Ro-Ro Berth 1,Dry Bulk & General,RRT,2026-08,2,10602,0,46.5,22.0,1,0.0,5193,6.6
berth,SPM-1,SPM-1 — Single Point Mooring 1 (crude),Liquid & Offshore,SPM,2026-08,2,471207,0,48.0,19.0,1,0.0,194982,7.8
berth,WB-1,WB-1 — West Basin Coal Berth 1,Dry Bulk & General,WBC,2026-08,2,227541,0,113.5,19.5,1,0.0,29048,25.3
berth,WB-2,WB-2 — West Basin Coal Berth 2,Dry Bulk & General,WBC,2026-08,1,132832,0,100.0,20.0,0,0.0,39850,10.8
